ScreenTime,Brightness,BatteryLife
4.496714153011233,80.99033154879004,3.770365248634998
3.861735698828815,73.86950524369153,4.651170682411546
4.6476885381006925,60.89445554880261,4.217289526755379
5.523029856408026,50.295948334416394,3.980309205949375
3.765846625276664,70.47334970420386,4.305037808566418
3.7658630430508193,65.90228078132624,5.074229254331439
5.5792128155073915,73.42789830041599,3.3341544411902744
4.7674347291529084,69.52757702522955,3.855098316600329
3.530525614065048,75.74329072979003,5.101054487383982
4.542560043585965,51.97147182659148,5.08807885162145
3.5365823071875377,79.76091098451488,4.2956388654038316
3.534270246429743,62.96399407038599,5.054846547174762
4.241962271566035,91.12891308937898,3.6418200851296127
2.086719755342202,49.66218272865648,6.558787783533884
2.2750821674869672,86.03945704747875,5.847593007165588
3.437712470759027,62.96866175193972,5.302622329202746
2.9871688796655764,50.22872994578327,6.024048545500858
4.314247332595274,52.741712489185176,4.3651920499262005
3.091975924478789,55.1947903770852,6.06120095816718
2.5876962986647083,66.36248919602875,5.56719076673133
5.465648768921554,67.8425323205325,3.61018480432668
3.774223699513464,51.394499940921314,5.5219991235490475
4.067528204687924,59.634681116085254,5.365134581518698
2.575251813786543,92.13405537917795,4.783130767859694
3.4556172754748173,85.91314755151066,3.752258106328578
4.110922589709866,66.54485504511048,4.770071140304901
2.8490064225776974,60.570052172523006,6.443846651215408
4.3756980183456715,61.80046990077392,5.017111394182076
3.3993613100811952,69.20276959095625,5.267325688788745
3.708306250206723,44.658111522023916,5.5461207984842895
3.398293387770603,56.139351938649824,5.839321510615215
5.852278184508938,34.97123889183616,3.976976425726425
3.986502775262066,65.98834683907918,4.974054705424837
2.9422890710440996,69.70793909554112,5.706571618048474
4.822544912103189,52.75220306550939,4.877460950601831
2.7791563500289778,83.6098014493505,6.096278888169627
4.208863595004756,41.61351505496488,5.502228462500879
2.040329876120224,38.0343767968527,7.074015707485991
2.6718139511015693,63.36677727839958,5.953873227109159
4.1968612358691235,75.70647453918232,3.840594003662496
4.738466579995411,85.25891537186803,3.4430453355209134
4.17136828118997,53.1167360569659,4.946618561905115
3.8843517176117595,76.18021250146944,4.449885731486131
3.6988963044107113,59.422372957489394,5.303918229356865
2.5214780096325726,57.41059050088771,6.0137738975526505
3.2801557916052912,73.25489906230008,5.514537595044105
3.5393612290402126,69.78484317620129,5.075027840957252
5.057122226218915,36.35411764523626,4.860888593326195
4.343618289568461,82.14810524588844,3.962293796014703
2.236959844637266,80.70137031221176,5.8359482200815265
4.3240839693947954,50.61655947735706,5.269765519563741
3.6149177195836835,65.93705300156114,4.8698151695729495
3.3230779996940414,67.41045279424108,5.121789069694957
4.611676288840868,63.910106487358604,4.302237965673548
5.030999522495951,51.7454226923187,4.019076424191713
4.931280119116199,49.92564948092922,4.3114290623627145
,59.61668893512832,5.540007088460864
3.6907876241487854,77.59093528889048,4.981958596228075
4.331263431403564,68.15400231891648,4.569137584010231
4.975545127122359,54.44078501870841,4.444417321151124
3.52082576215471,71.57548065972517,5.291344359134869
3.814341023336183,17.27186069054887,6.389159824094769
2.893665025993972,77.23148550558156,5.485262869016043
2.803793375919329,33.904293318328506,6.708869973834932
4.812525822394198,54.563385878953014,4.59268647053594
5.356240028570823,43.20495158060784,4.244031832441632
3.927989878419666,40.57977786418641,4.908569613855746
5.003532897892024,77.41240181067779,3.6345178787101564
4.361636025047634,52.98448198032163,5.347981161382226
3.3548802453948756,65.19755822596073,5.638033677577756
4.361395605508414,59.29619131681224,5.021617021466254
5.538036566465969,67.15561240834683,3.9257415911186855
3.9641739608900486,61.15232836590383,5.020688257599277
5.564643655814006,40.755116637171454,4.384826288455329
1.3802548959102556,74.94400229170711,6.462180445890278
4.821902504375224,52.593651252580315,4.469846602114297
4.087047068238172,36.651271520103734,5.815555544737693
3.7009926495341325,53.578272585511314,5.793023033957999
4.091760776535502,82.51139685951466,4.209415590281859
2.012431085399107,,6.072398568274219
3.780328112162488,54.77021798388211,5.332789358410526
4.357112571511746,54.76113443522357,5.05183793441263
5.477894044741516,55.17547423173926,3.529264092414546
3.4817297817263526,91.15121975341262,3.7912252960753685
3.1915063971068123,65.7290317834733,5.3097628739628755
3.4982429564154636,66.45062470786604,4.841673165857401
4.915402117702074,75.45425181047763,3.6516086922298183
4.3287511096596845,63.581837385397705,4.58520989506508
3.470239796232961,56.11436781268945,5.404402605926043
4.513267433113356,57.05475226372533,5.113483745938779
,58.92598110878904,5.052581956638592
4.968644990532889,59.44166645235238,4.3319763218863665
3.2979469061226476,70.9144431545547,5.42087132367826
3.6723378534022317,60.77918828710949,4.897104133330699
3.6078918468678425,70.98960115823368,5.295732023984796
2.5364850518678814,58.78925129837126,6.184405133593918
4.296120277064576,61.17952785474136,4.928862127878462
4.261055272179889,30.026989732018386,5.36878892038349
4.005113456642461,73.74491512053723,4.117434151265095
,65.19732713846989,5.27711678995353
2.5846292579495858,74.97015164789478,5.796114902032742
3.579354677234641,16.556169327094658,6.369215712092194
3.6572854834732307,91.32562057171091,4.07350407168768
3.197722730778381,57.90615557767239,6.0422675833715545
,76.62274225106275,4.273522733940727
4.404050856814538,44.401411093117034,5.637518867731647
5.88618590121053,69.19160857593855,2.945116801359058
4.174577812831839,44.198766552395156,5.525892330845189
4.2575503907227645,50.64346558956292,4.976070177010206
3.925554084233833,88.71047030800179,4.379198852697583
2.0812287847009587,57.1397639885498,6.457589851948481
3.9734861245507833,63.26149309769584,4.87452843560681
4.060230209941026,73.05101596033131,4.572561105855955
6.463242112485286,67.43522831958907,2.5056932236896565
3.8076390352188776,62.256283577153646,5.308447568136327
4.301547342333612,65.47441503699338,4.440565605081833
3.9652882302947567,96.05123377857413,3.8776524278049656
2.8313219623804677,59.13571804449622,5.662566076378185
5.1428228145150205,63.016485700724516,3.2265470797276548
,75.75981594011418,3.868350766867104
4.791031947043047,76.58288899436975,4.593472399018344
3.090612545205261,77.8054545834057,5.428727612703026
5.402794310936099,69.58095333043777,3.5845578374176688
2.598148937207719,42.854926309042746,6.556965812200062
4.58685709380027,84.50147298451644,3.8022099032679053
,42.804819104719684,3.9276266607629897
3.0094636748693118,64.5395319785855,5.301999256154332
3.433702270397228,48.68586224970963,6.12675882459159
4.099651365087642,59.03792480110511,5.163755558529107
3.4965243458838007,64.9314361545522,5.470293156368775
2.4493365689338673,64.8203582317541,6.2274627195432
4.068562974806027,66.32881131352927,4.761170278057497
2.937696286273895,84.20566903587971,5.3255312706945395
4.473592430635182,66.8030145227097,4.594579859932976
3.0805757657661967,56.33765047064027,5.739197659985527
5.54993440501754,74.46130752432536,3.1541327183871366
3.216746707663763,77.8420573338696,5.121897802431498
3.6779384837943243,41.58588277294511,6.274778775224743
4.81351721736967,68.96100104774787,3.7086240719756587
2.769135683566045,70.51759113466348,5.228906139381528
4.22745993460413,55.53654744960012,5.001363881199648
5.307142754282428,80.6356021996743,3.350484041140634
,57.7491661945121,6.405514101124741
4.184633858532305,61.88364680207313,4.8689694684845115
4.259882794248424,57.40392263574196,4.803015409138561
4.78182287177731,60.23368571372201,4.814490162747116
2.763049289121918,,6.0026131642623515
2.6795433869157237,38.39923676108559,6.4558390802007795
4.521941565616897,83.91757594837458,3.83394304101053
4.296984673233186,47.29557977522508,4.650588224810448
4.250492850345877,45.129114758155396,5.192975955649015
4.346448209496976,27.699148295944276,6.190308033242496
3.3199752784215093,50.41557378465747,5.837818510211857
4.232253697161004,40.153653098887524,5.478797721020176
4.293072473298682,84.63022740204553,3.6485857697479145
3.285648581973632,75.1472563401395,4.932155021805065
5.865774511144757,49.67774482233414,3.7044891323169895
4.4738329209117875,93.78653708016463,3.5120230218387603
2.8086965027973516,74.72648230487391,5.895741467117031
4.65655360863383,55.12752924737066,4.788238553889353
3.0253183297726784,22.508914276896405,6.571040520793855
4.787084603742452,94.36413858886112,3.4133595928698064
5.158595579007404,39.15641299854606,4.847897671386731
3.1793176816482895,35.31901879564663,6.739020002368348
4.963376129244322,75.3385564801446,4.243304608170717
4.412780926936498,96.59628609508908,3.2673584180497683
4.82206015999449,80.76409227765777,3.4761718503115735
5.896792982653947,68.4586368007854,2.8515331521788947
3.7546118839971294,68.92131512497929,4.858465081320823
3.2462638356425106,72.80123338170462,5.358859442368754
3.1104855703744767,71.38392884680148,5.666294033273105
3.1841897150345617,64.21787135954064,5.503326780093375
3.922898290585896,61.56301655927814,4.918836613776485
4.341151974816644,59.06110308150716,4.800772725376092
4.276690799330019,48.690531166999854,4.867388555036982
4.827183249036024,55.78987384699839,5.0914188018696604
4.013001891877907,34.605647787069216,5.26913074475018
5.453534077157316,58.52490559807875,3.936847744000501
3.735343166762044,45.17113339273624,6.26367333057717
6.720169166589619,43.44616024176344,3.322519812843401
4.625667347765006,62.698412267302174,4.361502043268483
3.1428424435837172,80.880034295169,4.952091389434828
2.929107501938888,73.7747490900347,5.389354021219126
4.482472415243185,36.442490945652345,5.73260188183884
3.776537214674149,45.15557795144494,
4.714000494092092,74.11156781982324,4.465482680520527
4.473237624573545,45.26268909692536,4.63634208169836
3.9271710873431274,56.63050275004463,5.079352348853835
3.153206281931595,68.25078148536828,5.301138203804077
2.4851527753141354,45.47483317704547,6.824198765368543
3.5534850479329787,61.580632592189396,4.830355678322811
4.856398794323472,39.989617576226934,5.053844237078996
4.214093744130204,50.9794853407318,5.706633331459939
2.754261221288012,,5.443736951227605
4.173180925851182,36.105093997024966,5.635214289691424
4.3853173797288365,,4.294937810795767
3.116142563798867,59.70543301609978,5.843689120335823
4.153725105945528,68.28734931625722,4.6341437689805876
4.058208718446,63.358712010969924,4.66022559220081
2.8570297021693767,80.46210644960766,5.446874730237591
4.357787360348283,61.87836753971861,5.1987235184658385
4.560784526368234,53.558916883121206,4.687333734893587
5.083051243175277,61.83446254548426,4.294452511739705
5.053802052034903,68.14947043554582,3.524492357944354
2.622330632042909,60.732901054885566,5.793217549673703
3.062174960084877,60.608875368058236,5.873715654254464
4.51503526720866,49.47012468289867,5.349102854306901
4.513785950912209,50.05648623673578,4.993960656803857
4.515047686306048,38.96092092300459,5.125216814108078
7.852731490654721,86.24365114780409,1.130292694669107
4.570890510693167,41.34205146913072,4.72790372718063
5.135565640180599,49.60642203306139,4.584709424770289
4.954001763493203,49.22389101646204,4.8247817774085995
4.651391251305798,73.42386565416662,3.9405439294804383
3.6847307553596544,55.57575482561958,5.243930106615838
4.758969220493268,78.716131090106,3.9111041597978207
3.227174785462428,49.897640636341976,5.790315031727619
3.763181393259991,64.18491243335703,5.044067728003549
3.5146364521708966,47.46979420110364,6.394113548980128
4.081874139386323,92.17723691660083,3.8950758707691175
6.314658566673509,42.18602371455731,3.575190389618107
2.132734807408252,64.64731065340541,6.160130292780688
4.686260190374513,69.50665321398148,4.389049842730925
2.3872841288103483,66.20698646177247,6.049595851133117
3.5280681342105664,57.220685116834375,5.266113027630087
5.088950596967366,58.05268950399861,4.583650046988052
4.064280019095463,,5.3547417236871215
2.922255222070694,57.79496997557267,5.748219653354654
3.284696290740032,74.45818675192365,4.57853537944208
4.679597748934675,93.15784502387027,3.7638405570872275
3.2696333682828636,51.637623224882496,5.6297756608992335
4.216458589581975,39.45295530631383,5.680432148893836
4.045571839903814,58.67576927473118,4.412238304521463
3.348399652394183,98.69564006481477,4.6281902776300035
6.143944089325325,47.944881480454036,3.2831467053418835
4.633919022318011,84.58675208166102,3.9744914554157176
1.9748574133423928,85.1655122111466,5.869430623342618
4.186454314769428,51.69617637438008,4.8137694311340615
3.338213535231612,68.53474618777913,5.151275892303302
4.852433334796224,84.42594934692806,3.791170388842189
3.2074792615672996,54.313083885187694,5.8363924101251
3.885263558533101,56.946294598464576,5.358724209361328
4.504987278980457,,5.4506987634471695
4.865755194170122,44.778649039607,4.294763889962376
2.7997035929442236,50.26083682400989,6.737575793414911
3.6654987641590515,41.64089599856615,5.8496808899727375
3.525054688839044,60.51125202388839,5.094983473715175
3.3466707674262883,48.450401534120374,5.470057252313661
5.765454240281096,63.50678867686121,3.425696830236176
4.404981710960955,36.66156530694559,5.652662705600206
2.7391160456649546,64.96320348321686,5.8215463228582705
4.917861947054776,,4.343968888706367
6.122156197012633,30.093965361428168,3.7641033745315804
5.032465260551147,65.61084854771359,4.002075650773858
2.4806300340459866,,5.287326892826293
3.5157659271337485,41.855384719631914,6.0408152814915335
5.2669111491866225,,3.4998797236029255
3.292330534381219,66.28528514049067,5.251348480175988
4.443819428146228,49.424822163623865,4.180935635586161
4.774634053429336,59.16346383513441,4.465073286241447
3.073069528421917,68.37490368782584,5.621318832147744
3.9404746439382,61.14008087118617,5.1347062852023635
0.7587326599309274,68.08133988669553,
2.9756123586657104,46.1898961038095,5.912497126058431
3.7474318486068396,62.54041236054117,5.329906981933428
2.7522168180351505,38.79428254642529,6.992150322922512
5.632411303931635,58.33160907976949,3.2105464092596523
2.5698586220393675,46.44138537802815,6.6467670888033545
3.559955513303016,48.9670508611535,5.53177011422068
4.130740577286091,78.54139762815656,4.314708807395937
5.441273289066116,76.36965180891403,3.460194759541187
2.5641378488205606,69.13707181360766,5.728408997301257
5.16316375215496,43.61530852991132,4.358297318630209
4.010233061019587,55.25387325457797,5.144443078793398
3.018491348952049,78.19646549968775,4.9131391741888875
4.46210347426327,62.12575370459857,4.240797070785871
4.19905969557347,94.7899430997254,4.000865935436412
3.3997831228412054,65.89976759091557,4.958542263451971
4.069802084990019,62.880736747350475,5.057629979860233
3.61468640313824,55.363253036962476,5.586130674236719
4.113517345251248,62.00311357173423,4.331350698009796
4.6621306745210465,57.712952454291845,4.335637491053711
5.586016816145352,70.62163015032885,3.770770463488064
2.762184501173151,74.35053475191876,5.265386697162013
6.133033374656266,48.21015809238076,3.5079472788107475
2.047912200477498,40.03150569663333,7.299343336694571
3.8482149049644168,32.456919403450556,6.182737646709728
4.588317206484577,67.61986990368815,4.2252884718883434
4.2809918677350325,43.449500907391894,5.092468420182724
3.3773004801794064,27.706641105712755,6.893671341194645
3.7918777496427247,65.82867906796446,5.51330732738616
3.506999065341167,97.39499276149186,4.566208380116849
3.4106352430557885,59.9089363269016,5.499819158517829
4.849602097021025,72.57736161677462,3.7005177573876633
,61.22744037821347,4.428431077914588
3.3070904047393457,58.51665520213286,5.755582251724265
4.899599875433251,73.78614724481653,3.992255148575508
4.307299520876609,55.64588183717023,5.305263506067535
4.81286211883896,64.01088471107855,4.424518791357317
4.629628841923612,64.8254670929402,3.900608823144959
3.171004989077928,49.978643195354266,6.279420998193905
3.4398189598030307,74.88063524304785,4.702307586671816
4.747293605123262,57.37560364956887,4.365705624828619
4.610370265433465,48.66382260760733,
3.979098406035852,68.04764765355606,5.373992092499826
4.117327383308782,46.52298027313444,6.243424251960549
5.2776648957884245,60.42271736053692,4.147203480294008
3.40842861116417,59.86321505033695,5.4224016739424385
4.547097381170038,76.28843348747367,4.234020784983924
3.797807347566106,67.12047349319928,5.214436544913287
3.78231879677278,59.624595618822845,5.089206806349933
5.09877685198719,72.26649448800431,4.291547090543816
4.82541634898803,80.8531132352597,3.783094751509206
4.813509636000639,68.36715459527794,4.247500580068569
5.305478807154329,,4.150735550963354
4.021003841632759,40.32245651474761,5.699999214435701
4.6819529712949635,44.02329505386941,5.185420921488831
,55.421629434679986,5.200388566270288
4.324166352488442,50.85731696761076,4.847456882797114
3.8698569456323155,57.19543045521831,4.85820525994609
4.096995964992718,60.849748873456605,5.028761130988195
4.595157025436913,67.94539131535096,4.5191935912435754
3.1817793167665274,58.94251832911363,5.823632856558935
6.092387275685461,67.29752465739303,3.609512169734101
2.993982618500298,60.9671162221518,5.774121612886494
2.785811387212268,30.368001504691932,7.060933341767182
5.158110873500068,45.90996909271868,4.168701965576592
4.791662693962936,57.83868666417577,4.315379334162057
4.624119817052155,41.85457885738339,5.253728107906508
,68.99893094994307,4.482086297313227
3.9877532271530853,82.96126248515546,4.232769459423613
3.1027456285141684,,5.147880888367453
4.075804558193727,56.79835693604688,4.58004352135937
3.322838288487888,82.36089205274928,4.763793847385229
4.975119733417751,62.23001185803167,4.420118806580785
3.8529426184978615,54.94371043322941,5.441896097036799
3.1745028032074885,50.7989600468859,
3.6786141583470067,55.462954702678076,5.40815213839634
4.412931454275625,54.17734772188157,4.8464533525115066
3.4362754471960253,62.55624333563232,5.176196000332176
3.1777796044335687,62.40860971574797,5.795166551041467
4.243687211491912,60.04569030230122,4.92997140505425
4.244966571108723,66.55407254619524,
3.4930568246288702,77.85969412179512,4.7119532638427755
3.5289616943816773,74.24331203161985,4.303528407584689
4.232049937357636,37.726530473251444,5.811709949442457
,21.691182976470678,7.1640807471012184
2.5925362256234448,74.01479866858911,5.446694330230634
3.281555778747564,39.49681952376868,6.397894464863087
3.786552848288153,56.62851897160975,5.154298360245445
4.310907565598004,42.448304609109606,5.595805724462295
5.475356216949552,32.970293436299706,4.815708008224376
4.85765962320202,68.12194092307182,4.275284870706373
3.8400614700365727,,4.37654428847439
3.980983792097311,51.35234398909921,5.638225842265095
2.997470635362191,21.134365617826354,7.046367682545613
3.98148686400761,51.806333276212754,5.149837368733668
3.7113413610798616,65.8770600810382,5.09763164890764
4.32271856033809,37.81632646838807,4.874464787808389
3.172769056447677,,5.7018686343854394
4.519346514241172,59.77035226240507,4.28260076828029
5.532738913002578,68.68937249401633,3.107326609024387
3.8912398515431423,61.7937055262123,4.57648919711375
4.401711722098941,45.40396588677667,5.4503181582145235
4.690143991711112,77.94857252496737,3.7206486127742515
3.598779528114164,57.62205640459545,5.852432998345755
4.224092481810417,59.590431907351025,4.672272618415446
4.012592400781795,46.00098061390206,4.897689273679618
4.097676098548832,53.35076623212734,4.786378802212516
3.2269902161445336,46.727959289596484,6.38731253439856
4.024510174258943,57.405809101148655,5.011448134177385
4.49799829124545,85.67562720213516,3.6668463619924045
5.451143607795042,39.421482856029655,4.5044460958389125
4.9592708260852065,35.79657903184888,5.109220789026632
6.153182457511557,82.06755491240412,2.9506470313893693
3.2326524371119505,56.86014484272201,6.1426234739966565
4.872320636720678,49.963908920101254,4.495295629283693
4.183342005738352,75.59857031094114,3.9875549802564736
6.189802933217672,50.91576690394704,3.3966450979704677
3.1917017146448483,87.39014570320404,4.903018409162867
3.160278157819224,70.16888807008904,5.077583153778766
3.400607354555978,52.68132887781446,5.4119289755522715
1.8761042756901931,92.35962319898255,5.831464247943335
3.474244978319239,50.914276154949924,5.678580027224976
3.240867338446302,71.13143058013961,5.283202310462246
4.150393786476208,64.48938870609737,4.517454709226092
4.3417559757771595,79.52611934098198,4.071691424887083
5.876170839215886,83.42266795090279,2.519113346819716
4.95042383818605,60.4800622359865,4.4923185857090004
3.423096344337597,48.69873194480725,6.11113576660283
3.101585328651642,66.89958214408675,4.957887914084656
4.491919171506506,49.834269453718406,4.632583321125519
2.6797667929793576,90.20080871289935,4.701203527702511
5.831458765854354,62.04802996624106,3.2783849080072156
5.179440120721287,,4.195811210576312
3.530824347895295,62.77020458797362,4.857340818134996
2.2868654709091225,39.793105657054554,6.700156509623471
5.353872374165412,45.42578942234023,4.052941206373014
3.885460154747382,78.00620861916639,4.613625816446786
5.237816311973462,50.14658581542906,4.326152677069233
2.405572341205633,44.296335259770906,6.530130803241191
3.400624977046227,68.04979128790929,5.291052541367559
4.005243699718183,77.78556231994496,4.298234145250925
4.046980593764742,70.784299659976,4.557390002091111
3.5499345285207564,74.94071528708724,5.413866545660338
4.622849932347499,48.64807367145809,5.244416159515363
2.932379570617406,38.67283999887235,6.104036772461626
3.8576205149787066,82.5200047793323,4.687223170000818
4.120295631711899,55.15980241736796,5.29238838845692
4.514438834058749,56.23750475317429,4.356844803531986
4.71161487808889,79.92291212773587,4.07865402682327
2.8753579081621305,68.3434501410099,6.110789744763765
2.4658858292643777,66.83831658122412,
5.277676821898509,92.47503517351626,2.728356640971426
4.332314011979592,50.347226544297854,5.329030434140441
3.2515134634434464,73.91760192121856,5.26270976485638
5.551151975522523,60.855196873456265,3.8988653959501502
4.1156746342928585,64.02888418294886,4.888770531997396
5.179297184063826,82.92702639618798,3.485960237141742
4.067518481410109,,4.319517486048257
6.060747924881987,68.07444118574449,3.4233637365085103
,76.08761005964703,3.4639760219843567
3.7510358515209266,54.52570905685672,5.294582823857148
4.971570950954355,,4.587344504594909
4.645375949585148,44.327862089684494,4.494531126874629
5.368631557532349,30.504651159359973,4.944231645998672
3.0350765394198955,90.84310694910484,5.018262792505181
4.686051459998439,43.451874514174754,4.928945291476213
5.058424486849588,56.68119564621342,4.590130549095078
2.2412605135768855,55.84780050166619,
2.816741487334225,64.61110046713651,5.977655573886605
1.9607678222398994,72.23605818808946,5.958404694957762
3.730593165555442,72.90710232539618,4.82124675253149
4.717542255795962,51.25383842146592,4.6360447653484025
5.502357052096028,57.49317429320383,3.940911506139345
4.074094780419776,64.2386992573245,4.7027051192944365
5.628615545571292,56.2696331072468,3.7695767916240617
2.6198985417851084,84.1101836402999,5.628589808795368
2.2966175606448456,67.36462427457377,6.010737952075446
3.9444523011033814,71.02316679074727,
4.384065448939308,69.94321903001119,4.919326241209844
3.967305251905907,77.60210786227987,4.912528786214024
1.9325578999601234,62.7153233805556,6.184815170083548
3.9108799604872115,40.5475207806623,5.861782749763918
2.695530499495147,65.99531927628962,5.7128235909497915
,50.22964659312257,4.836418727741609
4.366598246096848,52.07074977375365,5.03286614861396
3.060120213672645,68.7954602813264,5.417717680527195
3.4861330826633066,78.57424607150453,4.618736452048299
2.9407864781110487,60.319073651040924,5.630636292285057
3.937320902726828,64.63249518898445,4.636310847504631
4.955142320501238,85.53322416952857,3.2203427560440194
3.014273953664456,63.61129769232853,5.660088419283772
4.504046515517844,99.02524671270592,
3.469742381627559,68.48264468447316,
3.2071271677376556,33.58855861266274,6.872815354030771
3.8929696400454423,71.30012431656799,4.5726045860555935
2.964757677580626,,5.728493934898863
3.4463506946528177,79.34629131124119,5.012436238031391
2.8021221074111518,70.09772026904938,5.79697138727538
5.9647251329163895,57.92316024024339,3.513311666834413
4.035263551971728,41.635526455659516,5.745528090260748
3.3002744920074143,56.86465114070962,5.798515557976977
4.213979910734222,47.2421931868605,4.840251549108618
3.88767195030917,51.29214825292916,5.61184481148157
3.779030400466777,68.82867606630914,5.178102648817327
4.614166700043425,85.0485675652711,3.5282237817535527
4.757507710047305,,4.227772994176095
3.4694988523894725,42.06175406947224,6.167546993847576
3.42418175935532,66.66904002330212,5.1977892459428725
3.724948302848356,77.94947229968477,5.003450603060575
1.6980788352644152,50.85325643520927,7.825100987117997
2.4848089378014477,57.989742499906235,6.036664764971159
5.3668742674445244,60.22032292093795,3.4855775174701096
5.644967713501284,48.2265253037664,4.1283756487674435
3.7509639604436216,69.72420650765788,
4.576556963055767,58.18577777088328,4.523921184275458
4.311250154543536,66.29298665860541,4.998188475603318
7.078880808455238,46.6876173329685,2.5346850933297804
5.119574911434577,53.438125495148846,4.5090718929073565
3.8720824085192334,70.83572036741657,
3.0444595593995745,54.4075027186235,6.448020642783824
2.3935536797424275,85.90445776850108,6.105777929101461
4.203463635867223,54.005457215780964,4.787068398497787
3.2436492547156965,63.37027088627829,5.33910532886652
2.5777462904023256,73.98886247809635,5.97601345942919
3.3534271157574733,38.724514006004526,6.039383692277031
2.9184519963856053,33.587867820288366,6.643979002903194
5.687141635072565,37.11515528144858,4.344448559661214
4.8816397569494505,78.93876155140774,3.1506234010389105
3.9920273586833828,51.7221278116133,5.2505629548766235
5.479944138890026,98.37298928502378,2.457936678118014
4.077368307647618,51.53628602013917,5.0440799265577985
3.1387157986717362,62.768269547955555,6.039068875664589
5.5231240772696575,83.13164928851813,2.710599191244953
4.538910043684659,90.09139332238684,3.9100917214050614
2.962753845673544,90.92255364954596,4.818431434875243
3.809661321916392,78.12549345889714,4.524578088151222
3.124381746615243,75.36093788717193,5.47677803490816
2.617200269035664,68.88790423801774,5.9416180460016035
4.926177547531641,71.67541614249957,4.079979376865559
,51.732214255071995,4.010955658131594
2.6014324261808586,47.72701674866539,6.387651041640354
4.562969236690571,59.94938313883572,4.367472096130147
3.349357430878173,57.447230662126074,5.27155197746634
3.5128746162353037,53.201579260090874,5.346029770215344
3.407606075761131,70.44581171185072,6.045269115628192
3.136009230320184,74.32957812855766,5.634709146108158
4.048521627944827,61.32610329437771,4.5160772889504
3.1690498835889622,82.16295121582893,4.603134169630891
4.2704568257798385,42.87466328799742,5.441954459251754
3.949761890550863,57.095108110804226,5.291516683448573
3.7610519531335904,49.247665190957925,5.678393632359599
3.092436337958402,32.0019507439041,6.489505669250046
3.4232286694316674,58.75978971235951,5.46098709508301
4.755391225825756,58.17378737425075,4.54883725535968
4.500917187624381,82.70174614863197,3.943981767329535
3.022444755201449,69.46217526832166,4.83238882596493
4.099332305429225,44.63719763506192,5.3124783374322035
4.751387123371789,87.81138849501282,3.3091267161740903
2.3305947188786282,78.31550543288029,5.838622487583241
4.543360192379935,68.73146555202923,5.198945580316198
3.3373762410541534,56.60273851725252,5.742261351281393
4.570598668593159,45.6084114491478,4.881209815799319
3.236740843457483,54.416898358934205,6.054640825059162
2.195117899335481,,6.098775167827495
2.3724575621168373,88.26879458901914,5.5799984597715095
4.048084946661382,83.14865292408284,4.44912763291311
4.259722501721482,52.667258673205886,5.6291673078755
3.095683374895591,43.205738500664836,5.888014614465807
4.638592458777374,62.113293703668056,4.567816844911495
2.33847993773104,33.473409516557226,6.847099425323989
3.9339202013526835,64.84751571277172,5.074092161437377
2.7889838002375433,57.78596120551997,5.759628170198538
3.348163892197841,53.00945247197637,5.60597526800091
4.047398671316414,36.07945399099807,5.591170468945554
3.1395866347160477,67.70400159854574,5.749955660074202
3.6154444557701746,52.009487405071326,5.822896146414444
5.0062928092144405,42.451247464345684,4.347713115764161
3.423108130476851,16.916066800775262,6.770511724895217
4.835692112065142,59.58727642424046,4.130954061195921
2.870293145342382,86.58377395004617,4.728700792022109
4.529804177915283,84.91888821821806,3.7634848959939204
5.4415686206579,53.14355615120592,3.959893582400756
1.5283554998727107,50.966819094573296,7.976325973168289
3.203104744529523,67.03161384112536,5.556455736750829
,45.02421841217563,4.574330495664028
3.7969546139570074,64.52687849729199,4.8571977526643515
4.371145873371309,71.49120417577035,4.6647621646586614
3.3960148132841796,78.40399835826462,5.557601030485695
4.0865897874729,58.49768885280071,4.5000025107662704
3.8443227646079206,56.94489374734551,4.652217660351584
5.167782061659807,46.830261198651584,5.022156067324142
4.254420843301213,47.5967946894021,5.285443737888237
4.337602662075202,56.602816621477096,4.571345552132615
3.5881230338775327,65.51048260224267,5.324575820667424
3.5123937759275066,73.70376939349875,4.188247575747969
3.567441812180379,47.95231573979483,5.708489730041001
4.394452142378297,82.39032853439282,4.111074781918503
3.579015519179737,55.93314598436147,5.736074246986714
4.289774856896413,59.67949058477346,4.473626611251904
6.075400798645439,48.79182481278265,3.7016307651211764
4.8711247034316925,23.636396095905873,5.116380966559593
3.673976467832159,73.26068094541574,4.939613524074096
5.201213922163944,71.0526584563865,3.4388452118683426
3.5919246269784484,55.780086643226795,5.330627447372371
1.9618754648221461,61.00486075837308,6.301609186954021
2.9919136890825957,67.73908826556149,5.769637273314176
2.1292080789741443,36.56181214670186,7.457314507416628
3.6484865159586914,52.06420983980558,5.448898321051655
4.018418379189551,71.9139701943274,4.639317589306544
5.676437312275283,41.18565865246126,3.788702966215873
4.326927373764162,64.40336898249944,4.516454037111651
3.7808994711911357,39.65127293064893,5.7706808500151
4.829405581183489,66.9964497365029,4.912819970267114
1.7888646909921149,59.465377765537745,6.451356806507926
4.235614558108566,35.77302276141736,5.977570842296358
4.770865193886967,77.47109031685757,4.158232767424442
2.5214137542201582,48.981126348029264,6.597626127530036
5.143754043206929,47.84621344478428,4.9771965073494675
4.338496407494414,63.008537958464146,4.750578377032602
3.5847120860991986,77.22956024143073,4.932091282578097
4.632781866106285,44.762672715324044,4.934958129749987
6.270692857804396,60.92519774771957,3.5227604460504844
4.1818662550584955,66.4322475049586,4.990480340947711
4.248220586300336,70.39658410894717,4.301822821442452
3.5406391004597557,62.64662332915838,4.8923158613778135
3.1501556305352083,54.494582413750166,5.784143831940631
4.830335816544245,47.5861466902692,4.468135376737234
3.1439161740911326,61.292158245695624,5.627044940971619
4.071566237219392,43.9179148202159,5.796441006023251
3.5223425532348833,16.17974274758089,6.559543178458631
4.478979825746392,66.54839706236501,4.407517213138464
4.333662105286948,73.55902261629294,4.343706457724172
5.037539944257899,24.55601346687242,5.487816905249094
3.489983601145253,44.854039429350934,5.1883251360078875
3.7301250647066286,69.28731391507796,4.755270442352769
3.0212362842176925,90.86243204567548,4.920523118939424
3.555706739923888,60.31190561513112,5.706101126535015
4.377300493044852,49.07995588156298,4.878190194865367
4.756988616645351,57.256553383427395,3.913746693368334
3.0778346758223747,80.62314628722277,5.304951304515258
4.86960592010566,50.310537313131974,4.404390427873824
5.3556378588049505,48.0121199002462,3.918226118221545
4.413434903223701,52.758847167269515,4.6991830454889865
5.876795812558066,45.70007087611931,3.872203616373213
3.226210800896427,61.84005473992193,5.382406317723737
2.755345296688583,84.3701768770434,4.602948639208111
2.2212797510957216,64.84618909674043,6.54671038528735
5.496044311489183,56.21469746810568,4.2991861391491
4.654365656354058,55.62283096626684,4.8032791433306
3.9444153290895447,36.552137869550144,5.406597899514414
4.27996862631982,73.24664665720738,4.318178239043666
2.8745109527016233,58.83244204480797,5.933461581925625
6.445751979616826,57.29280129614062,3.3042526942908927
4.129221181975227,100.0,3.897125201035243
4.109394794604893,64.48129362548529,4.557793215917979
4.725766623898692,48.72313424857224,4.782291340347947
4.481009231736714,53.60463605691685,4.944237654287695
4.223884024279132,77.22668563795132,4.740838908082185
3.209525544554688,61.69905615806647,5.792759841561673
4.471468357135996,38.4258303252395,5.506767410746673
5.882024496475034,73.78843401862805,3.105875370639939
5.3454200461549775,49.97783871691509,4.6474665451296175
5.5931866266393975,88.09946664326318,3.005395538178435
3.4887843235688147,76.20072098571973,4.664624538521286
3.010395179741419,53.29017156511873,
3.874213079900352,79.2152454260267,4.733543155060625
4.055724912288695,61.01783265791105,4.791971884093168
5.094191518470948,,3.5970507411984696
2.307535370285181,67.27099225941713,6.2248145995315705
5.529550319460614,47.3046501751369,4.296175677757677
3.8419921014210106,50.346752515238066,5.475191423095412
3.57311893005258,75.44941226371742,4.971415090079279
2.9878956247398323,54.97837001840189,6.470319612028991
2.3451433281342307,53.94527305137005,6.826990091621979
4.823170583961915,45.673161309759706,4.828459370917184
4.073317967188403,66.35398598390192,5.033119220962465
2.710039100258946,90.93787378864718,4.794075335075165
2.704921227936384,43.9870062861859,6.635830944049358
3.6642153007098717,60.36329185009137,5.800520908849294
5.669021525289393,81.18330833123144,2.9638697612138296
3.740408648636395,58.805379131314275,
2.496857046881894,66.78557694374601,5.8033203876041854
3.754256935914056,44.0640970777968,5.347781627732135
3.7272764302523296,66.42460645811472,
1.3031133570584283,,7.130571804028297
3.9457051334821878,74.78594993519795,4.178187289404719
3.769065469791322,77.81079077347127,4.655109401147686
4.696206364813419,98.84345463027921,3.5484144213768825
5.848956094945345,68.69449759820364,2.9876733420535384
5.126565029547757,64.8869447487325,4.40792481099235
3.7311113094451693,62.91576452366004,5.280875643292341
2.8934740912583297,54.702505607839676,6.353319734445363
6.57335980324986,65.07725765192536,2.5916440616867096
4.059218434014488,55.56897884791456,
4.013929291912946,62.52691464404421,4.585468957029723
3.9758749128899966,79.7639630341194,4.693455428915374
4.198084760767855,44.90186152080538,5.346028147699613
3.8556395880760577,77.09817841693568,4.768518343026519
3.4263379931197635,79.75672601009798,4.513549443513794
3.453141058759608,58.22897209513382,5.222097037455318
3.9672467297840015,28.172176514871083,6.160205786202682
3.4565752288662352,50.882670193583515,5.423755309832246
3.2871542173228354,79.45491819841664,5.125590967818969
4.106430227691897,59.656979065516765,4.515005103942905
3.7450227825791447,45.01046651557634,5.9081200422693945
5.503992988582689,,3.654197329255994
1.349030191606988,72.60930039756829,6.908186816091218
5.091506851922462,68.20100352302069,4.0684536928652095
5.246085192497629,56.416018512454585,3.901619745099387
1.9266097675918505,54.49763382277969,6.998391141368547
3.6573124059196513,54.12362776434267,5.528573921334066
3.6285591340042087,46.163847232522464,5.550584718963138
2.5924883052821786,84.23063534204162,5.096523890290146
3.2221833124091246,55.1651929618299,5.1785098537160295
2.8894241545341712,78.25737781238244,5.445634356191097
5.7522704434236225,82.81974077883677,2.444150590487382
4.9356783931474615,,3.8308206411478403
5.2715550949941585,53.52569530922928,4.09795059990312
4.7216720640432355,66.05595135504915,4.444726640745396
2.870948228782771,59.63706590413626,5.823515790002737
3.4754797337202263,46.44447208904808,5.72744771444825
4.489374561227918,64.86538922582405,4.682099885529432
2.7778721911080546,42.31440313260296,6.608787561860702
4.712998430172388,77.81519082692346,3.9899923182092194
3.7596746018418647,53.03074054052411,5.542118379253343
3.6251791924504024,63.01739483809259,
4.7109599682034915,64.24931807319213,4.530789087237538
4.44426331148604,56.11642539443884,
3.6390338341809203,68.80040702212912,4.7197557834184405
5.159329803364248,52.876445150662136,4.213018660686478
,73.06945946185866,5.460974691935869
4.615935606944264,39.81030479629877,5.072593335235106
4.593101257968383,61.89569369319618,4.568806172799968
3.69045356068601,89.08393498587427,4.8045291364243194
4.326133022242118,44.995030130916376,5.513772696580663
2.748886423614697,49.83382544212723,5.912210339815004
4.924027019206901,67.70861774488372,4.216140849379784
3.815097863557011,62.69372672909397,5.465789903142195
3.4772769794809606,65.25945148910338,5.376437427948891
5.0490092258368895,67.33780695221495,4.26795253831983
3.295656309457241,69.52082202842655,5.88153142529164
2.5915387036364406,76.64549762934334,5.934516972042643
2.4433708264760963,66.14727985392769,6.13567752189381
4.60600995134564,56.38113518072186,4.937284525727258
2.719570647503717,70.08860551804096,5.765151666384865
,88.49822902342824,2.7483886966951476
1.918070592116278,58.010493804261394,6.619804441465015
5.696456368290038,45.38206042994038,4.55039710011939
4.211017467202619,76.60621003930459,4.087471125276167
3.9032868881296077,58.19428254069603,5.591252330678867
3.4550809131910505,,6.563595802275587
4.399136114352071,72.71132515725633,3.8795595013600708
3.9623652975751518,51.97007721069116,5.38130023351657
5.103301882016521,58.64200076543759,3.528090519128168
4.114227648662039,,4.946879137363623
4.150301761461877,62.857495196685996,5.059603179826616
3.636387787786144,,4.793929665362901
3.9430543762789325,53.46770444145235,5.278589674519957
4.307801768892059,67.69658697264124,5.109108205832202
2.289831607343374,56.106799836241244,6.333206707759483
2.651814577894287,71.08215721331254,5.4284113451682146
4.743264094022715,69.23051226019581,4.572972377714734
4.170865438127942,45.96841946933107,5.873031222576953
3.816016663647321,76.28973174262549,
4.018433933065393,51.96054832328928,5.529875314471514
4.347581705361671,72.12086697421718,4.760751401143412
3.4602403196906386,65.50930970102011,5.04378318345537
3.2216952745976872,87.57275515192684,4.649869375153686
4.195845255097682,56.64801026442222,5.313145841935609
3.021627222384968,54.760248058227035,6.4453950639577675
4.4082527557144715,59.708705911684014,4.851000876130208
2.2974163957621596,55.452303257485866,6.23455347961508
5.029155637325644,71.99912852913076,4.412819967775395
4.472597482413043,35.75534087345118,5.189970518522441
4.256029734313875,44.194763712804686,
4.982690983945514,43.9829561763121,4.797059877901112
,74.25461387960364,3.7062301542562617
5.014370065018131,85.65920058872888,3.674920723289296
2.1591257686683547,58.433261721937924,6.6441611835157515
2.7204230332642982,57.46767415214984,6.238617907859498
3.3751814223043213,61.050782446697724,5.481385789348652
4.026091050210834,77.42817453912286,4.623723778013199
,46.089702987141386,4.2443136707021685
3.2742561868465345,63.57553474102178,5.384346770571179
4.1867667644770785,74.62796444673644,4.484144235491279
3.2446170676466775,67.51641254909768,
3.388482197008052,62.843724248981154,5.5197995102675925
2.5933389031517775,75.01569138850712,5.613516769527527
3.0767667538890957,19.451515605011444,7.481683838233027
2.6483153943836664,70.16812979296361,
3.024126747022667,50.188864753088644,5.935290989053758
5.05364179660784,32.54050654715314,4.935620052829125
3.050601111168057,,5.507293671596797
6.63238206483739,80.60487817744436,2.1404501599588697
4.493317900880889,57.93827228058462,4.725705006086189
4.184836123694874,74.29311820804408,4.195852934136501
3.1416422198187863,,4.621976407568822
4.700309879408992,79.72371680376071,4.034853959530065
3.4243621737622263,84.59946794057089,4.911385098039636
4.122009814645361,71.13191236607838,4.327140049403361
6.560084538268795,61.13150458352389,3.1865938611080264
3.90394010027535,35.97051282154247,5.608259216383846
,56.30906267805077,4.2672590300413304
3.2968235748741126,47.35130107025712,6.1881053117767335
3.9650115095030385,92.5641407624672,4.04098280011244
5.77080063563551,57.36171281351495,3.7989303807284838
3.3730329422122325,61.848072101767286,5.291202590010924
5.8124485579969285,68.27228064060701,3.2429327593558175
4.707751935455476,60.654036695586804,
,85.4257656064613,4.463226948559503
4.632407739055521,50.66025957398322,4.721233772601351
4.97255444962673,62.91911182855864,3.669797595782732
4.621809962217196,48.86294121452927,4.689317669647734
2.429775280109544,40.19966233168941,6.764727257950781
3.2728628241751316,50.82346363642072,5.78015190581866
3.7524813644484953,59.44444804427382,5.142232233351756
3.925566570899954,53.5604666322411,5.234203484354764
4.620672097550678,49.61368530189216,4.958884218328512
4.177701000933254,38.90523804492249,5.753037180145479
2.6646556412898987,58.75341641056958,5.910743426596513
4.380197851005963,37.42919438953497,5.012005630892436
4.6105857452838235,71.40083945534404,3.856892896439689
4.559790447931039,61.23659629401755,4.368908876476163
5.080780725554622,38.13672750802604,4.685697198970568
4.833922154548904,55.36186384425205,4.241007541174079
4.459180079228437,48.71765391614125,4.582291319858044
3.929834288541353,64.78761765628771,4.775667791236029
2.3390390664840086,80.10675669034717,5.779994032136569
4.4296182191325855,31.87241295531383,5.678641875785187
4.207687687163111,61.72539118721126,4.614861198720678
,57.59800806650039,4.730897341605659
2.723251424179691,70.07010114675698,5.441286333599344
2.9189434595917376,63.19794942356533,5.7594749985072164
5.053152853332904,48.72046002391771,4.241335326358901
3.960444846143345,55.214190965000725,5.347156738107662
4.681500697372624,48.05961214794766,4.277251130083237
4.0283183761304615,76.14010707897897,4.385253184990523
4.0297561394957455,60.319674730079136,5.056937048258552
4.938283805975997,88.5178602862951,3.4489875015270997
3.483955271782626,59.090087792780686,6.2480432479846275
4.0961207769409835,49.37389849634306,5.346826430927293
3.5377247112949575,37.294284110807595,5.749775328587202
3.5655037725676846,32.95290485616083,6.130370562134305
3.6908278765313605,36.23796085491765,5.427324973087447
4.222133771633713,64.00689976517225,4.677906064948833
3.5212513783365225,67.63087534844901,4.904155819777084
5.255756125573521,36.282139469518,4.981547998123691
3.105392697780496,73.42557471114173,5.148056518062691
3.813128355838641,52.75408422474841,5.33184501384806
3.560268941725825,62.20189517978324,
5.446977884353733,84.18330942383136,3.6385738153580722
4.196554776511575,73.45258973798298,4.3428056568158775
5.031844539468635,55.97204028141252,
2.514439626963028,46.63211661877069,6.833730328501937
4.267050265869258,27.722768980060422,5.8992967361033966
4.889630795623437,49.212700211363696,4.722534301355596
4.082283989275425,56.83304641758458,5.147320605516998
5.065480375065351,45.19230709273224,4.0135447133620685
3.4827115498996277,58.031145493615426,5.389231377026608
5.40934744018558,61.15277824438152,4.091486091875387
6.29889812361925,56.627160272878825,3.247397537876003
3.637161439560341,50.249961287648105,5.161215055681211
3.5544974785992283,62.529820079500915,5.264786079562349
5.453384477117701,66.62910974354114,4.149650780876253
5.579572145730713,43.64401383835731,4.601089382925126
3.477139972846732,81.16398569619405,4.764767248026984
3.5798131829041426,58.521178015736076,5.665948896322028
3.7182153911394926,60.28274434417271,5.10699325065281
2.6555494889657227,70.62321634884836,5.245702442313955
3.0813480535158018,63.49824196895253,5.352634501679916
2.9958592332479324,74.29704950869868,5.843267758693153
3.2322024348958713,64.30686247802737,5.40283425319369
3.9653151126132187,50.81343938039343,5.230329534685117
4.234214732536521,65.42255287809152,4.560000168745574
5.550500492814077,42.844106890190076,4.8455173759149375
3.001645959261209,61.62839558664785,6.237619039600215
4.984322398476584,59.50155014033309,4.893129647043181
3.786011155774491,56.8782471409119,5.217130098033034
3.950536290347567,58.07193732841604,5.186100194493594
4.674819492166604,31.772264317535413,4.851983711914418
2.8772779784377014,51.76912638388558,6.588184153568753
4.3824097461840505,,4.301958132158878
4.166452208213056,62.397845879961004,4.859935526159513
4.4924512640081495,44.58487288611063,4.739302043920308
4.289168643907818,78.98561761297051,4.022436508463021
6.455300139910895,47.007377276782485,3.174359840452899
3.362260015748684,74.54185800790106,4.891573668961276
3.4690030449981824,66.40791542807527,5.070823290214502
3.3768594735752355,50.30659035234295,5.624834072092
3.4445228808397452,86.62966338914268,4.895491967188015
3.3626128726934823,42.095447523652794,5.715587438216874
5.189016531107551,73.78731260415002,3.7013298250936177
5.420504247989855,75.00873477064468,3.7787223041804436
3.429253706250524,49.94069686385033,5.604417219730053
3.1676444268957713,80.88697950096493,4.823899406230155
4.471415556386404,56.24930228101571,4.666231098906329
3.4477769557190285,64.33040443919785,5.665783864757055
4.6329318177555106,63.90482758156831,4.43474200763455
4.2029230208512995,57.98536887794178,4.738736228598428
2.484255885002768,72.16212409739673,5.992894564432294
5.547505201330061,71.9023308082832,3.0742382697365276
5.7958776730955215,33.772020401427284,4.554545102613648
3.3872113095156138,79.56510364317229,5.025860035402871
3.612298440064016,35.062620179464886,5.9659401012231745
4.285865390724905,75.48819306512486,4.055086155932161
4.3344567899870245,76.90057705241375,3.9594129797529307
4.65854427267283,43.63550354677203,5.124544676362348
6.01020453876635,53.83778568068123,3.9453969493132015
3.8230527725059504,43.41442997271096,5.447932558705272
3.2017027554615463,56.77618454566897,5.872868270326139
,55.379485737213884,5.615962704714585
3.269069960058081,71.6949079840401,5.058511473235171
3.9668730271262027,79.65463119179412,4.427544962683943
5.794557863517788,80.93525716184934,2.663390969235739
3.4823887009638286,51.567479601325466,5.386112738752295
4.223787951638898,56.86167189383208,4.714785614933254
3.983577103927248,34.74842711668575,5.858343321855541
5.188393273448084,47.911949002557165,4.355728205642905
6.526932425873621,74.47277449646187,1.8728014544097553
3.4691312270796795,84.23374235322348,4.0614727019490315
3.510560557481778,41.48476692180117,5.764948993003389
5.044160877069072,51.11303611270659,4.56858619077961
4.681891489626311,59.603913645616096,3.642117946112898
5.846707325736034,64.2024173822941,3.24664256509686
4.583928185325964,47.85594720117531,4.739304678748743
3.6407079092129404,66.36091566696135,
4.590654830692309,52.89240979393626,4.625197298114206
5.108703580582908,59.78321593682581,4.234437352851178
,68.19426372005549,4.140163485466683
4.507274031107298,60.09633404716407,3.9521208097570795
5.066674689589154,53.45421164210147,4.573496064055154
5.169295590445673,58.35585294111254,4.178506891046972
5.382158991037527,58.67455561191997,4.086516730714756
4.648709887589643,54.449834551768085,5.82540836530614
3.8328819196831456,56.11805905999346,4.624918810604103
,83.97970755757075,4.680646819054551
5.206508966508357,68.41379171911858,3.6961448193996502
3.183064329012764,55.56779522956259,5.872713351223814
4.368673308872901,70.45431606766104,4.377778197281476
3.606661187672639,54.99270765365985,5.33761892023268
4.028744822934818,77.59686956379961,
5.278451862607299,65.54463288297141,3.9097521440969207
4.191099068019903,58.39046783993657,4.440254601384477
4.046436548156149,66.71575388715416,4.986551895116985
2.640143859020081,36.43685771897251,6.669920859749183
4.746253566027221,43.09848796635292,4.571021706475529
4.645484181141075,42.091124904014166,
6.16325472330546,62.1441464214556,3.582216593770736
3.692221765046999,85.98772499227638,4.305990312089243
4.219150327663939,93.46950219288948,3.928130757545051
4.2493836837107555,69.57076652161136,4.294083174668413
5.577453279763475,67.51266712416685,3.740033917441301
3.904704467613048,32.984133987708915,6.092364727915355
4.2790215257703395,51.859893003989676,5.575568639252961
4.607896509716539,48.183243721376414,4.815516296935711
4.186609123156358,50.68728602623326,5.330690562115288
3.553566385449472,57.47784272122816,5.462231871865262
4.1940899928983075,52.91864133454309,5.445930300203965
5.073631749859772,30.310502844363185,4.816129798498667
2.9734847005889398,71.218653841763,5.708154218139142
4.132969674146876,43.9088546139029,5.317949433430408
3.299879185060827,63.588702961667245,5.433179109968771
,91.1112400462496,3.138151240807149
2.476813095216225,46.20923112620365,6.707944708968913
3.4410781527284118,22.045687158805052,6.550898150116532
4.377211875064521,55.70993667179834,4.891346354745591
5.56552402923434,76.51439452497857,3.7255843581318264
3.9342497389270124,89.37521181330891,4.466978760143688
3.4448004733068016,41.55675608321375,6.258203316607215
5.88115706944059,67.45048834854782,3.1348978361839324
2.5519860995837558,53.0203431482992,6.101028577415522
1.801194043379918,58.410774685437964,7.093311692204252
4.440014450053332,99.66515020525551,3.7208479715586074
3.4979457756473886,37.4554450740727,6.5197812299852025
2.9787671828692868,63.8060949224186,5.5216092182412435
4.708356447299353,67.01539757648149,4.153988318257968
4.243800713771199,76.2867948740902,3.824510334002704
3.4359213692632715,61.46974730206343,5.289429153709218
2.7196956013291054,64.62075809256153,6.1845919293337035
4.872457328280145,54.125271488673135,4.33832737894723
4.650201177958661,64.0369041186766,4.55087587263302
3.900824136220617,54.85211586753884,5.176626283197997
5.846636996047666,69.32357834784077,3.3402001611931125
2.9299152336738477,54.45584495934549,5.678085047335857
2.474474829075261,65.6565059085328,6.076287794373977
3.3080919301187555,59.56105779472532,
3.954413983644502,76.89075376158252,4.473677352788327
4.243339449322692,59.229094146172706,4.339313643042123
3.7587639421436703,33.40451297689678,6.352651811942206
4.352055396514297,78.92882251070988,4.38371321329662
2.748460575809556,46.414015487060716,6.548812369330357
5.44376460407326,50.1935049202677,4.595485037281175
3.917848821607431,51.065080589347616,
5.117295831588128,80.61657139756227,4.011875152177297
4.342725346377704,27.964886790319568,5.966530588466364
4.456753219153784,100.0,3.363630838511289
4.569767280232204,75.84085213599077,4.4096466558893965
4.447708560017315,63.348583711937394,4.209487586904537
4.642722759867544,59.1765899907557,4.263169843924992
5.329152530132431,64.28331112286486,3.6256017252361987
4.19652116970147,67.81683642569007,4.4495846590489165
4.709003757588512,69.67823378925085,3.825482687423588
3.910264305712773,68.33406699005172,5.188691465856826
5.440117215449472,61.34371021882873,3.7299386009646103
3.32360769794073,57.03992369539011,5.735667621292777
,57.730900745197324,3.4562152213913233
3.9598420493556565,57.07637579470978,4.5736540965096255
2.569224897881952,77.00655145300597,5.715440745621686
4.128104414910789,68.90335083421293,4.056739450419048
3.318948342525119,15.894170480035797,6.847425997753191
4.840643548988724,69.83851164794642,3.621835299720785
3.347376020697609,62.92104292078162,6.030650695587706
3.5538165667852204,59.71936865331154,5.638774503624894
2.110459269054469,54.17222320366671,6.718192026027866
3.5476936807509234,76.86169079979021,5.235106334701956
1.5761206733710433,74.21289693184286,6.258821760108158
2.4160971765142767,48.40683498264586,6.7779610229102305
4.760414656144297,,4.2684378759941355
4.785800158650832,45.42514898188071,4.887811428023014
4.425457561784965,39.305727528166045,5.662168174759078
3.033023856870787,50.59924163115052,6.275351296402795
,72.93590208574138,4.73670912118885
3.9963974609094315,74.2968756806413,4.077509529984727
2.8416353108074572,67.6962813014594,5.407789423726413
5.503398301767151,70.87643680271995,3.434175574425964
4.877362290575672,67.74267430672438,4.0938416506207265
3.779035826170336,50.37777607165572,5.126376939511883
4.026885838994531,66.47883817010911,5.507629186374627
,72.00614287841523,4.928027683865572
1.9582651315757094,71.31436994720362,6.474592292441069
3.7528226174794033,77.83370057211964,4.6843419472380114
3.3180157520022013,70.62455770801596,5.163187976187415
,65.27172311312374,5.357568776515549
3.718899707114045,76.05225357474642,4.766556782622031
5.797686526849523,59.6021811112641,3.6511111072252844
4.64084286126701,46.771880231584234,4.511641131394378
3.428821010217203,57.553995540843545,5.630576250774401
4.572582781356159,48.82646032790326,4.83056225043055
