StudyHours,SleepHours,Attendance,TestScore
20.0,8.399355436586003,84.0,79.05928614590799
4.792603548243223,7.924633682912769,85.0,82.64783975847153
5.971532807151039,7.059630369920174,,83.21772326774223
7.284544784612038,6.353063222294426,,75.43650666874224
4.648769937914996,7.69822331361359,,
4.648794564576229,7.39348538542175,62.0,65.45441417780128
7.368819223261087,7.895193220027732,57.0,
6.151152093729364,7.635171801681969,68.0,77.09508574523088
4.295788421097572,8.049552715319335,67.0,66.10775860588721
5.8138400653789475,6.464764788439432,99.0,90.56129186426159
4.304873460781307,8.317394065634325,86.0,76.05357131191008
4.301405369644614,7.1975996046924,88.0,76.61106783460562
5.362943407349051,9.075260872625265,99.0,87.93926082383403
2.1300796330133034,6.310812181910432,,55.62152232792171
2.4126232512304506,,92.0,76.25499387762488
4.1565687061385415,7.197910783462648,70.0,75.3877870837576
3.480753319498364,6.348581996385551,56.0,
5.471370998892911,6.5161141659456785,94.0,85.56367705149722
3.6379638867181834,6.67965269180568,71.0,62.43342699238351
2.881544447997063,7.424165946401916,88.0,70.34305475422407
7.198473153382331,7.5228354880355,96.0,97.11231490629534
4.661335549270197,6.426299996061421,70.0,63.27733633397771
5.101292307031886,,92.0,76.34198283773621
2.8628777206798146,9.142270358611864,56.0,
4.183425913212226,8.727543170100711,56.0,
5.166383884564799,7.4363236696740325,80.0,76.9291825926499
3.2735096338665457,7.0380034781682,67.0,61.75208301888157
5.563547027518508,7.120031326718261,,79.0966467080453
4.099041965121793,7.613517972730417,88.0,77.98282388689977
4.562459375310085,5.977207434801595,,67.96323504470863
4.097440081655905,6.742623462576655,57.0,
7.778417276763406,5.3314159261224106,,72.4956637314481
4.979754162893099,7.399223122605279,77.0,75.33106729409049
3.4134336065661497,7.647195939702741,68.0,67.41742172587578
6.233817368154783,6.516813537700626,81.0,75.81359742351896
3.1687345250434666,8.573986763290034,83.0,
5.313295392507133,5.774234336997659,93.0,77.94396523641976
2.0604948141803368,5.53562511979018,93.0,65.42350014735966
3.0077209266523544,7.224451818559972,55.0,
5.295291853803685,8.047098302612154,71.0,
6.107699869993116,8.68392769145787,95.0,92.62900768288715
5.257052421784956,6.54111573713106,84.0,74.89662872606252
4.826527576417639,8.078680833431296,67.0,67.79486699869214
4.548344456616067,6.961491530499293,75.0,72.77230075009086
2.782217014448859,6.82737270005918,73.0,58.99424029311082
3.9202336874079373,7.883659937486672,73.0,68.69504191055506
4.309041843560319,7.65232287841342,79.0,67.05936512798665
6.585683339328374,5.42360784301575,76.0,80.64886709952856
5.515427434352692,8.476540349725896,85.0,85.13444624557289
2.3554397669558993,,71.0,69.93226337486077
5.486125954092192,6.374437298490471,77.0,77.20846960768887
4.422376579375525,7.395803533437409,86.0,72.09216269557548
3.984616999541062,7.494030186282739,64.0,64.93247795121151
5.917514433261302,7.260673765823907,64.0,67.43737897802762
6.546499283743927,6.44969484615458,90.0,88.81949934844415
6.396920178674298,6.328376632061948,62.0,65.94101311488838
3.7411737151660422,6.974445929008555,74.0,62.46612206596188
4.5361814362231785,8.172729019259364,86.0,72.66074942232137
5.496895147105346,7.543600154594432,68.0,69.60964143382125
6.463317690683539,6.629385667913894,82.0,78.04360862421123
4.281238643232065,7.771698710648344,,67.88340467670716
4.721511535004274,4.1514573793699245,69.0,67.65838821148752
3.3404975389909577,8.148765700372103,76.0,69.24916364586797
3.205690063878994,5.2602862212219,84.0,66.5800363175299
6.218788733591297,6.637559058596868,58.0,
7.0343600428562345,5.880330105373856,67.0,74.16687375830146
4.891984817629499,5.705318524279094,77.0,67.23253571456077
6.5052993468380365,8.16082678737852,62.0,68.24222173455621
5.542454037571451,6.5322987986881085,72.0,
4.032320368092313,7.346503881730715,66.0,68.33853603735606
5.5420934082626205,6.953079421120816,85.0,74.80852412823364
7.307054849698954,7.477040827223122,68.0,79.24168276723569
4.946260941335073,7.076821891060256,88.0,81.04046297671748
7.346965483721009,5.71700777581143,72.0,77.67791200783665
1.0703823438653837,7.99626681944714,88.0,65.47101300072757
6.232853756562836,6.506243416838688,65.0,72.410713598549
5.130570602357257,5.443418101340249,,80.04696122757747
4.551488974301199,6.571884839034087,66.0,69.17694809269281
5.137641164803253,8.50075979063431,69.0,68.9312090557988
2.0186466280986606,7.850221742113493,85.0,
4.670492168243732,6.6513478655921405,83.0,68.02994310216778
5.53566885726762,6.650742295681571,80.0,69.22292145887401
7.216841067112274,6.678364948782617,72.0,77.97908107345837
4.222594672589529,9.076747983560841,86.0,79.67401336431406
3.7872595956602186,7.381935452231553,76.0,72.80491261881667
4.247364434623195,,92.0,85.1089162319063
6.373103176553111,8.030283454031842,71.0,
5.493126664489527,7.238789159026513,77.0,77.13158220920522
4.205359694349442,,78.0,69.78324905307781
5.769901149670034,6.803650150915022,62.0,63.09322071096004
5.14561632402206,6.928398740585936,95.0,81.50115296003472
6.452967485799334,6.962777763490158,60.0,73.60855572395234
3.9469203591839714,7.72762954363698,59.0,
4.508506780103348,7.051945885807299,98.0,77.27891645197914
4.411837770301764,7.73264007721558,83.0,76.45470817741366
2.804727577801822,6.919283419891418,82.0,67.64265558659328
5.444180415596864,7.07863519031609,65.0,69.48366240336384
5.391582908269834,5.001799315467892,55.0,
5.0076701849636915,7.916327674702481,97.0,86.36008799009231
4.64811929993728,7.346488475897993,73.0,71.8773932682823
2.8769438869243786,7.998010109859652,63.0,57.079419471122606
4.369032015851961,4.10374462180631,81.0,67.54865949116676
4.485928225209846,9.088374704780728,88.0,79.5522768881592
3.796584096167572,,98.0,73.44545552512122
4.758071432500986,8.108182816737516,58.0,
5.606076285221808,5.960094072874469,90.0,74.6534242305999
7.829278851815795,7.61277390506257,72.0,85.48294382259864
5.261866719247759,5.946584436826344,69.0,
5.386325586084147,6.376231039304195,67.0,66.73129258932714
4.888331126350749,8.914031353866786,73.0,78.14295124300253
2.1218431770514377,6.809317599236653,60.0,52.309980629422554
4.960229186826175,7.217432873179723,66.0,62.98211422576352
5.09034531491154,7.8700677306887545,91.0,80.28308110047224
8.69486316872793,7.495681887972605,71.0,90.1693790126768
4.711458552828316,7.150418905143576,77.0,69.63824514633298
5.452321013500419,7.3649610024662255,80.0,77.36486992520761
4.947932345442135,9.403415585238275,83.0,82.330190425789
3.246982943570702,6.9423812029664145,87.0,72.14253963388046
6.71423422177253,7.201099046714967,81.0,89.10751437739435
6.127899549030161,8.050654396007612,79.0,76.58399721736608
6.18654792056457,,64.0,69.72785430657584
3.635918817807892,8.18703030556038,77.0,65.93847254104594
7.104191466404149,7.638730222029185,75.0,80.30647104662432
2.8972234058115784,5.8569950872695165,,64.1010159623327
5.880285640700405,8.633431532301096,97.0,86.19280188801427
8.285683438714969,5.853654606981312,67.0,81.69012448665431
3.514195512303967,7.3026354652390335,91.0,
4.150553405595842,6.245724149980642,87.0,69.26667184271189
5.1494770476314615,6.935861653407008,78.0,
4.244786518825701,7.32876241030348,98.0,76.05395941448178
2.6740048534008007,7.3213572154502735,65.0,55.84117361980198
5.102844462209041,7.421920754235285,71.0,70.24776583007679
,8.613711269058648,58.0,
5.710388645952772,7.453534301513979,79.0,79.64588782340375
3.620863648649295,6.755843364709351,84.0,67.47831756777498
7.324901607526309,,63.0,77.95377661679845
3.825120061495644,8.189470488924641,75.0,74.13406003140858
4.516907725691486,5.7723921848630075,74.0,72.23416753558206
6.220275826054505,7.597400069849858,73.0,75.63268540925695
3.153703525349067,7.701172742310899,73.0,67.39202487513307
5.341189901906194,6.702436496640008,66.0,71.93949870156827
,8.37570681331162,,85.57305438278264
2.5887751481581587,6.849944412967473,96.0,70.51776815708848
5.276950787798456,7.125576453471543,71.0,77.5190122614067
5.389824191372635,6.82692817571613,91.0,79.81004478656008
6.172734307665966,7.015579047581467,93.0,76.43524123172351
,5.903724913104798,82.0,65.02286012978094
3.0193150803735858,5.559949117405706,95.0,74.07103505365333
5.782912348425347,8.594505063224972,89.0,84.84019083055402
5.445477009849779,6.153038651681673,72.0,72.23407718316437
5.375739275518815,6.008607650543693,68.0,70.33483839612984
5.519672314245463,4.846609886396285,89.0,75.20709667547757
,6.361038252310498,98.0,76.08374921590692
5.348380545741505,5.676910206592502,95.0,80.70766552401383
5.439608709948022,8.642015160136369,61.0,70.07580192885446
3.928472872960448,8.009817089342635,95.0,79.39575613006797
7.798661766717135,6.311849654822276,67.0,77.60381594456048
5.710749381367681,9.252435805344309,72.0,75.10223073229713
3.213044754196027,7.981765486991594,91.0,76.56657072101014
5.984830412950744,6.675168616491377,67.0,72.58735472612462
3.537977494659018,4.500594285126427,90.0,64.14507344898254
6.1806269056136784,9.290942572590742,85.0,84.6369058163783
6.737893368511106,5.610427533236404,56.0,
3.7689765224724345,5.354601253043108,70.0,59.182169589147435
6.445064193866482,8.02257043200964,,75.23751357224859
5.619171390404747,9.439752406339274,63.0,72.65554275892613
6.233090239991735,8.384272818510517,92.0,88.20812418535354
7.845189473980922,7.56390912005236,65.0,77.80644821357919
4.631917825995695,7.594754341665286,76.0,65.73752351708151
3.8693957534637655,7.853415558780307,87.0,68.53336916672833
3.665728355561715,7.758928589786765,90.0,76.94959924189648
3.776284572551843,7.281191423969376,99.0,79.96825736761431
4.884347435878844,7.104201103951876,77.0,73.56177857047238
5.511727962224966,6.937406872100477,99.0,85.82514411928956
,6.246035411133324,99.0,84.2959178283673
6.240774873554036,6.719324923133226,88.0,85.30881946133896
5.0195028378168605,5.3070431858046145,63.0,63.525955840080904
7.1803011157359755,6.90166037320525,78.0,84.64725326027275
4.603014750143066,6.011408892849083,,61.94926230995022
9.080253749884427,5.896410682784229,61.0,77.71269114354685
5.938501021647509,7.179894151153478,90.0,
3.7142636653755763,8.3920022863446,72.0,65.13252558972961
3.3936612529083314,7.918316606002313,57.0,
5.723708622864778,5.429499396376823,82.0,75.28654721013287
4.664805822011224,6.010371863429662,60.0,61.17292201060726
6.071000741138138,7.940771187988216,98.0,88.84628870052002
5.709856436860317,6.017512606461691,98.0,79.70989682984202
,6.775366850002976,75.0,72.52298886332686
3.7298094228973926,7.550052099024552,82.0,73.52202710943732
2.727729162971203,,94.0,74.90529922791426
4.330227571899468,7.10537550614596,55.0,
6.284598191485209,5.665974505081795,90.0,81.47472727867887
5.321140616195306,6.398632356048786,,68.54273864804834
3.131391831932018,7.3197819341425365,,80.14118480409631
5.259771388776773,5.407006266468331,89.0,77.09659701866582
5.577976069593255,7.440474737960399,67.0,71.27297327577018
3.6742138456983007,,64.0,59.89541119040329
5.230587658918292,7.5524899544171475,98.0,84.07342184520287
5.087313077669,7.223914134064661,64.0,68.86188078095786
3.2855445532540655,8.364140429973844,67.0,60.306137204988175
5.536681040522425,7.1252245026479075,91.0,86.77346874486186
,6.570594458874747,92.0,86.72847544857402
6.624576864762916,7.122297503032284,,78.68071782451496
6.5807030780523545,7.543298029036388,56.0,
2.9334959480643636,,76.0,57.786085967842624
3.593262440127316,7.040591691203883,71.0,60.199991525464355
5.77255290081299,6.298008312193245,90.0,82.87596270628707
5.770678926368313,6.337099082449052,68.0,70.70293944707332
5.772571529459071,5.597394728200307,64.0,67.76603627015517
10.779097235982082,8.749576743186939,89.0,99.57880352432973
5.85633576603975,5.756136764608715,79.0,73.25016973306845
6.703348460270899,6.307094802204093,57.0,
6.431002645239803,6.281592734430802,92.0,83.99911383386276
5.977086876958697,7.8949243769444415,71.0,71.38131205785172
4.527096133039482,6.705050321707972,66.0,64.18367818304517
6.138453830739901,8.247742072673734,78.0,77.73624721321131
3.8407621781936423,6.326509375756132,83.0,
4.644772089889987,7.278994162223802,97.0,81.69871282067069
4.2719546782563445,6.164652946740243,79.0,70.54701459875274
5.122811209079484,9.145149127773388,90.0,80.12777221156936
8.471987850010263,5.812401580970487,80.0,84.16660485598673
2.199102211112378,7.309820710227028,92.0,
6.02939028556177,7.633776880932098,55.0,
2.5809261932155225,7.4137990974514985,74.0,59.14196691964516
4.29210220131585,6.814712341122291,82.0,72.39572541748417
6.633425895451049,6.870179300266574,70.0,
5.096420028643194,7.04381147197911,71.0,68.50675353030269
3.3833828331060407,6.852997998371511,94.0,73.40422868125064
3.9270444361100476,7.96387911679491,82.0,74.23561266269694
6.019396623402014,9.210523001591351,66.0,78.04753750207037
3.904450052424295,6.442508214992166,81.0,65.79515164381223
5.324687884372962,5.630197020420923,96.0,81.65210414021755
5.06835775985572,6.911717951648745,84.0,80.63291494273753
4.022599478591275,9.579709337654318,95.0,82.40214040559034
8.215916133987989,6.196325432030269,88.0,86.01679793864695
5.950878533477017,8.639116805444068,91.0,83.20347201831456
1.962286120013589,8.677700814076442,60.0,54.72233378427165
5.279681472154142,6.4464117582920055,61.0,67.61909131980343
,7.5689830791852755,86.0,74.04497982022035
,,86.0,85.9390891947522
3.811218892350949,6.620872259012513,79.0,64.99759504090741
4.827895337799651,6.796419639897638,87.0,79.35377352992353
5.757480918470685,6.418319086051357,61.0,62.92958613248939
6.298632791255182,,66.0,68.65152825082009
3.1995553894163358,,70.0,62.38941105367221
4.498248146238577,5.7760597332377435,70.0,58.42681755647
4.287582033258566,7.034083468259226,97.0,
4.020006151139432,6.230026768941358,90.0,70.4228574432651
,7.233785911790748,67.0,78.60994546199542
5.607472566441434,5.444104353796373,61.0,62.76193215022267
3.1086740684974323,7.330880232214457,90.0,78.41396121446412
6.376792920582164,7.833528961608924,63.0,71.49486603794679
8.18323429551895,,86.0,91.27342001558293
6.54869789082672,7.374056569847572,65.0,75.20376157655215
2.7209450510689797,8.227668992473292,62.0,55.93474127703332
4.273648890700623,5.790358981308795,87.0,73.16774630119934
6.900366723779934,8.672572386837704,77.0,82.53338242978171
3.938495801571829,7.419019009366045,79.0,70.81849369724311
5.665729142219343,6.294988144241591,62.0,64.11121989506076
6.161951080144005,6.944230922342294,99.0,93.10679906529849
3.6096042926328753,7.558326912521722,76.0,70.33126526796511
4.9107119659073,7.076005391412411,58.0,
0.1380989898963909,7.538755992446369,94.0,67.81725224868691
3.463418537998565,6.079326406920634,57.0,
4.62114777291026,7.169360824036078,83.0,77.6161876342967
3.1283252270527258,5.58628550309502,95.0,71.3007736769682
7.448616955897453,6.888773938651299,83.0,86.25367848532414
2.854787933059051,6.09609235853521,88.0,67.36702010647828
4.339933269954525,6.264470057410233,,74.17457725626036
5.196110865929137,8.236093175210437,82.0,78.76822539530143
7.161909933599173,8.091310120594269,67.0,76.32106447812004
2.8462067732308407,7.609138120907177,69.0,59.899897333968454
6.744745628232439,5.907687235327421,77.0,76.6440919341261
5.015349591529381,6.683591550305198,98.0,83.11771451713481
3.527737023428074,8.213097699979183,80.0,70.44540643516027
5.693155211394906,7.141716913639905,58.0,
5.298589543360205,9.319329539981695,80.0,82.37437221034313
4.099674684261808,,94.0,77.59635174775985
5.1047031274850285,7.192049116490032,63.0,70.44826243527599
4.42202960470736,6.690883535797498,59.0,
,7.133540904782282,86.0,71.8167069963057
5.99319601178157,6.8475301636194565,74.0,77.46471462956403
7.379025224218028,7.708108676688591,65.0,75.3533656582548
3.1432767517597267,,69.0,65.38875570459797
8.1995500619844,6.21401053949205,86.0,91.940935148861
2.0718683007162473,5.6687670464422215,82.0,57.99402951221778
4.772322357446625,5.163794626896704,,61.85989738653263
5.882475809726865,7.507991326912544,95.0,88.55218815738014
5.421487801602549,5.896633393826127,71.0,69.38542544151329
4.065950720269109,4.847109407047517,80.0,60.952705433463585
4.687816624464087,7.388578604530964,98.0,90.11711722330674
4.2604985980117505,9.492999517432791,61.0,68.40125166368225
4.115952864583683,6.993929088460106,96.0,80.4619697556304
6.2744031455315366,7.838490774451642,80.0,84.87204738871557
5.535523228947571,7.081829358547565,79.0,74.0632797743459
3.960635607109019,6.901110346808857,64.0,62.036125458319816
6.349399813149876,7.9190764829877685,99.0,86.77778647723575
5.460949281314914,6.709725455811348,73.0,
6.21929317825844,7.267392314071903,65.0,73.06893734258529
5.944443262885418,7.321697806196013,67.0,66.92531466253634
3.7565074836168915,6.331909546356951,62.0,56.78098039014722
4.159728439704546,7.992042349536523,94.0,76.83919657807806
6.120940407684893,6.825040243304591,58.0,
5.915555398150198,6.244254840507155,85.0,80.37483505861114
4.968647609053778,7.536509843570403,82.0,78.17406853648528
5.175991074963173,6.101532018208963,65.0,68.40347827060508
6.916497343682638,7.028181157369128,97.0,94.33870222918593
4.112642916746255,6.990881003355796,55.0,
5.820646071755057,8.085895565831578,92.0,91.11638311536663
4.6967110213491585,7.474698232879953,78.0,73.09474811495059
4.67347819515917,6.974973041254856,85.0,74.62389540039474
6.648165277980786,7.817766299200287,95.0,91.55011580040384
6.238124523482044,8.390207549017314,80.0,81.08367966698505
6.220264454000958,7.557810306351862,59.0,
6.958218210731493,7.01035261984338,74.0,82.24652850201836
5.031505762449139,5.68816376764984,,81.25318501769478
6.022929456942446,,65.0,68.8557485337431
4.534599865109816,6.694775295645332,87.0,73.80551853748534
5.486249528732663,6.390487797840716,,82.82994872431536
4.804785418448473,6.813028697014554,81.0,69.96390671228212
5.1454939474890775,7.0566499248971075,88.0,83.29836624007358
5.89273553815537,7.529692754356731,69.0,72.59741754517883
,6.9295012219409085,86.0,72.86499854420317
8.138580913528191,7.486501643826202,75.0,82.2985237131853
3.490973927750447,7.06447441481012,59.0,
,5.024533433646129,60.0,51.402710352050875
6.737166310250101,6.060664606181246,92.0,87.01768082427819
6.187494040944404,6.855912444278385,76.0,78.73398145926654
5.936179725578233,5.790305257158892,72.0,69.3824330758651
5.94251826389642,7.599928729996204,68.0,69.5993431528361
4.981629840729628,8.530750832343697,64.0,73.58372077723955
3.654118442771253,8.218761851697316,67.0,63.9771003723924
,6.786557129069792,85.0,77.20248805543885
3.9842574327318325,8.490726136849952,84.0,76.37487557856747
6.462679600126627,7.148667457202111,57.0,
4.779413927746792,6.662914028881961,84.0,75.83148217921075
3.7617542048112327,6.38659733645906,60.0,58.11759110062697
4.51792123752051,6.697530313511872,83.0,71.0361534839926
5.6193971814134365,6.611823181458771,62.0,63.231627134058094
4.154413170794038,7.170416222375488,98.0,81.77614177179895
3.7666694066503528,7.160573981049865,99.0,82.27096161328578
5.365530817237868,7.003046020153414,97.0,84.5039868614367
,7.43693816974635,98.0,81.04027974059598
4.239585236943306,8.190646274786342,87.0,73.66763504582173
4.2934425415725155,,,67.27650730920054
5.348074906036454,5.5151020315500965,65.0,69.61636291072826
2.827873487754014,4.446078865098045,67.0,52.963399694915516
2.8888043384351674,7.934319911239274,65.0,58.51815040782461
3.922333668121346,5.633121301584579,85.0,64.43512287662621
,6.775234598107317,82.0,71.29973191561322
5.466361348397007,5.82988697394064,98.0,78.82641027949681
7.213034325424328,5.19801956241998,60.0,66.23863693376887
6.286489434803029,7.541462728204788,95.0,88.08873523609792
4.7600922050548595,7.7591551603026465,70.0,68.3551865239912
4.971475688145967,6.423489599273281,58.0,
3.4962059530432867,4.40895770785509,89.0,70.53674934600576
4.972230296011415,6.453755551747517,80.0,70.96978047410968
,7.3918040054025465,66.0,63.30120265206271
5.484077840507134,5.521088431225872,65.0,69.62641403147286
3.7591535846715156,7.183359919779155,91.0,79.88346164669481
5.779019771361758,6.984690150827005,79.0,70.00271465646445
7.299108369503866,7.579291499601088,72.0,80.63358934913275
4.8368597773147135,,73.0,69.33096492239697
5.602567583148412,6.026931059118445,77.0,
6.035215987566669,8.196571501664492,92.0,92.36201132608018
4.398169292171246,6.84147042697303,72.0,65.82344696464766
5.336138722715625,6.972695460490068,80.0,
5.0188886011726925,6.066732040926804,60.0,63.94604158699217
5.146514147823248,6.55671774880849,58.0,
3.8404853242168002,6.115197285973099,98.0,
5.036765261388414,6.827053940076577,83.0,73.18605648528782
5.746997436868175,8.711708480142343,88.0,83.09962849162429
7.176715411692562,5.628098857068643,71.0,78.01367546230124
6.43890623912781,5.386438602123259,97.0,83.66511933690282
8.229773686267334,8.471170327493608,97.0,99.34771630108509
3.848978655667926,6.7906763228481335,70.0,64.06067601558779
6.308480955081017,6.330927261340084,56.0,
5.2750130086075275,8.039904687396076,88.0,83.28373838947897
8.28470439982651,6.394384460263136,62.0,75.49184682023973
,8.826009713546936,67.0,65.01047003441613
3.740417236728836,7.677925871339269,,80.71032923959315
4.1009110318339665,6.5120885918542974,62.0,57.467045338538504
1.8141564135352897,9.157308213265503,84.0,64.93058150820518
4.211367467478858,6.3942850769966615,86.0,68.85309714987797
3.861301007669453,7.742095372009307,90.0,78.47642751452608
5.225590679714312,7.299292580406492,84.0,77.18523697542643
5.512633963665739,8.301741289398798,55.0,
7.814256258823829,8.561511196726853,97.0,99.44147311567623
6.425635757279076,7.0320041490657665,93.0,84.59992484252153
4.134644516506396,6.246582129653817,71.0,61.91670808882256
3.6523779929774634,7.459972142939116,74.0,
5.737878757259758,6.322284630247894,78.0,79.03225511793849
3.019650189469037,9.013387247526623,76.0,66.92048866343968
7.747188148781531,7.1365353310827375,83.0,88.48783984963835
6.769160181081931,6.634678448687891,76.0,80.52723768305637
4.296236521842943,7.184680305864909,98.0,81.88412659312081
,5.6528737104703035,,56.34015519541813
7.0308085612481195,6.028385961489349,91.0,83.55865815407434
4.828190232121073,8.200413907944425,64.0,64.58358421522213
,6.343105721028604,90.0,81.92420934582299
2.6083585118084494,,91.0,67.40620683597054
4.1009374655693405,7.536652752527286,82.0,69.63591539381034
5.007865549577275,8.185704154662997,82.0,77.84549324323109
5.070470890647113,7.718953310665067,96.0,83.95075544309326
4.324901792781135,7.9960476858058165,97.0,84.8474224522943
5.934274898521248,6.2432049114305395,75.0,74.5969423416542
3.3985693559261083,5.578189333258156,78.0,62.5022005226364
4.7864307724680595,8.501333651955488,96.0,85.38093800708127
5.180443447567848,6.677320161157864,94.0,77.9858320528933
5.771658251088123,6.749166983544953,56.0,
6.067422317133335,8.328194141849059,62.0,72.8842812530182
3.3130368622431963,7.55623000940066,81.0,69.25256026222449
2.6988287438965664,7.455887772081607,76.0,64.95228580455743
6.916515232847764,9.165002344901083,91.0,89.56392757405484
5.498471017969387,6.356481769619857,81.0,78.66294181954582
,7.927840128081237,83.0,78.33126788501028
7.326727963283784,7.057013124897084,57.0,
5.173511951439288,7.268592278863257,98.0,80.5844383756209
6.768945776095739,8.528468426412532,67.0,77.76196898128119
5.101277722115164,7.507835756289624,99.0,84.15112945938128
8.09112188732298,7.538296079049633,64.0,85.13031692470955
7.633011263664807,8.072507337309801,90.0,92.33641269955221
4.62655377728139,6.635047270457115,63.0,67.45394541121766
6.457356426431533,6.160790332660993,81.0,72.50363471168731
5.968063924377722,5.955190805978966,88.0,82.22514575946586
7.052947336298523,5.0336434106239984,55.0,
3.5526148091298433,9.056207129940322,86.0,
6.029077189997659,5.896791634278317,79.0,74.6648179493109
6.587636730274381,6.778746376414228,83.0,77.13428875473271
,6.723186700111079,61.0,
3.2251122310013374,7.307406697809101,57.0,
1.941151733359849,7.815737212539297,74.0,61.1946581030798
4.595889748333163,7.860473488359745,74.0,73.76559903645087
6.076313383693943,6.416922561431061,84.0,83.68344479622036
7.253535578144042,6.832878286213589,89.0,
5.1111421706296625,7.2825799504883,89.0,80.94178050270466
7.442923318356938,6.751308873816453,93.0,90.6532756460656
2.929847812677663,8.607345576019993,81.0,70.56692592173746
2.444926340967268,7.490974951638251,80.0,65.93944826054351
4.916678451655072,7.734877786049817,68.0,73.90797941241443
5.576098173408961,7.662881268667412,71.0,71.7511246255028
4.95095787785886,8.173473857485325,72.0,67.57357151679504
1.898836849940185,7.181021558703707,99.0,69.36376921132049
4.8663199407308175,5.703168052044154,83.0,
3.04329574924272,7.399687951752641,74.0,64.04254742641768
6.004508823245057,6.348643106208171,81.0,75.81252348391159
5.549897369145272,6.471383318250243,72.0,67.91286430785264
3.590180320508967,7.586364018755093,58.0,
4.22919962399496,8.238283071433635,55.0,
3.4111797171665725,7.021271576736062,55.0,
4.905981354090242,7.308833012598964,80.0,73.48160044809406
6.432713480751858,8.702214944635237,99.0,93.0752076651703
3.5214109304966845,7.240753179488569,74.0,65.98967898063611
5.756069773276766,9.601683114180394,77.0,81.29673611512085
4.204613572441339,7.565509645631544,64.0,60.39655872797108
3.810690751606484,5.239237240844182,65.0,58.81321653995893
4.839454460068163,7.753341621104532,,81.04271167708313
3.447136516370939,7.381158384882777,95.0,79.1727186532786
4.169526041979227,8.289752754082745,59.0,
3.203183161116727,7.6731813512699585,55.0,
7.947087699374584,6.861544016016226,71.0,80.10609466838153
5.052895327957593,5.775701763710634,76.0,68.96584332641727
3.9504117380111214,6.7909767427139744,88.0,77.86635417624143
5.320969866101333,6.1494795457907,99.0,84.39184412123326
4.831507925463756,6.419476550195277,95.0,77.52144120502837
4.668545600700165,7.58857840442061,83.0,78.04226252750331
5.9212500500651375,8.669904504351406,58.0,
6.136261565070958,7.394671529822981,59.0,
4.204248278584209,5.804116937964816,65.0,
4.13627263903298,7.44460266822014,75.0,64.64044872965805
4.587422454272534,8.196631486645652,89.0,78.71560702508182
1.547118252896623,6.390217095680618,66.0,53.19372212565382
2.7272134067021714,6.865982833327083,80.0,66.93491429745687
7.050311401166788,7.014688194729197,73.0,75.00692027204292
7.467451570251925,6.21510168691776,99.0,87.19263884911817
,7.648280433843859,61.0,67.57459268632071
5.864835444583649,6.8790518513922185,61.0,65.55620091070752
5.466875231815304,7.419532443907028,80.0,
9.618321212682856,6.1125078221979,94.0,102.34904951344373
6.679362367151866,,59.0,
4.80812361277885,7.722381357827771,75.0,72.40597184981567
3.5666893390993613,6.627166847908233,,60.98169271675931
2.5903305196136412,8.726963851233405,58.0,
5.305195453800835,6.600363814385398,77.0,
3.865473882073545,7.224684725751886,96.0,79.13961654557482
2.866619435603489,7.93259083187309,74.0,64.83773338217843
4.03014067363621,5.581634267066969,69.0,61.434862110850005
3.3776779945784074,5.239191188019224,99.0,
7.530712452608848,,83.0,85.30898734993744
6.322459635424176,8.262584103427182,62.0,72.39112755893278
4.988041038025074,6.448141854107553,95.0,80.15626474471374
7.2199162083350386,9.558199285668252,,86.08574286932799
5.116052461471427,6.4357524013426115,,80.45959744061209
3.7080736980076043,7.184551303197037,82.0,75.1282255710458
7.284686115904486,8.542109952567875,81.0,81.43886403633378
5.8083650655269885,9.006092888159124,58.0,
3.4441307685103153,9.061503576636397,69.0,64.28271288589755
4.714491982874588,8.208366230593143,89.0,
3.686572619922864,8.024062525811463,91.0,
2.925800403553496,7.592526949201183,55.0,
6.3892663212974625,7.778361076166638,57.0,
7.864124960705196,6.448814283671466,78.0,78.80220976312825
2.9021486392712883,6.1818011165776925,81.0,62.848945301207074
5.844453855035856,6.996625542589048,94.0,85.2147311597509
4.024036146317259,6.829815377475072,90.0,72.1249839878682
4.269311924352956,6.546771950672725,88.0,70.82643988460774
,7.696387447456715,83.0,66.57001442700138
3.704013845480276,7.955305208570511,78.0,67.73708545393605
5.072782441917241,7.088406886291847,78.0,70.01905594340022
3.7535748253834433,8.477530081055262,96.0,77.01756081431412
5.405685238669758,5.858310885866495,58.0,
4.924642835826295,6.8063405407202815,57.0,
4.641577929700386,6.283177679397195,88.0,71.633953396018
3.6386545069376033,5.13346338292694,77.0,56.97402009790461
4.134843004147501,6.917319314157301,77.0,69.78094456034755
6.133086838738635,6.878252491616716,99.0,90.0473339796134
5.751375781436571,8.51344974324213,59.0,
3.533667132802173,,85.0,71.09896481095541
5.148998458143839,5.975813175670795,95.0,80.05605173097531
6.127080685057684,8.854092566334188,60.0,76.95285860273587
2.4958920783179424,8.221033695525353,91.0,67.22251232284516
5.815040288569903,7.582097703468616,64.0,69.18088738359913
4.00606436158123,6.773515901150168,94.0,71.4053703562271
5.855898002889739,6.04056076327652,61.0,67.09166891431867
3.855111265186225,6.627793223928947,,74.74415632723876
2.2926768490032217,8.088748619704186,,71.95718097422949
2.558686343175256,,75.0,65.96328567234347
5.072127419992073,8.543243528272189,74.0,77.34712149762322
5.389583752582222,6.511150578213726,57.0,
3.6435250623433872,5.880382566710988,76.0,66.8263892557758
5.957888688166061,7.1408862469112035,58.0,
2.5077199065965603,5.231560634437148,82.0,65.07351349018597
,7.323167714184781,66.0,65.08276841801866
3.1834757003563148,6.852397413701332,92.0,70.44408900095598
4.022245838296762,6.533963498131758,90.0,74.96943808150954
5.071098006974621,5.405296932733204,95.0,79.50074068251273
3.7093799520740713,7.513600106569717,59.0,
4.423166683655262,6.467299160338088,67.0,63.60742717997554
6.509439213821661,5.830083164289712,77.0,80.6626291344745
4.134662195715277,4.127737786718351,84.0,62.38911467169553
6.2535381680977125,6.972485094949364,91.0,88.91478058532775
3.305439718013573,8.772251596669744,79.0,69.5411667111443
5.794706266872924,8.66125921454787,81.0,73.98807899628198
7.1623529309868506,6.542903743413728,,71.63502401032613
1.292533249809066,6.39778793963822,90.0,60.07527626530712
3.804657116794285,7.468774256075024,93.0,74.78438907697895
5.86560819077081,6.001614560811708,,70.15152210883065
4.695431920935511,7.301791899819466,76.0,63.274871094096255
5.556718810056963,7.76608027838469,75.0,75.8194489744302
4.094022219926269,8.226933223884307,75.0,67.16468380249904
5.12988468120935,6.899845923520047,62.0,69.49079828668067
4.766484146911881,6.796326249823034,70.0,66.84805892506166
6.751673092489711,6.122017413243439,85.0,84.57926571164391
5.381631264951819,6.17311964596014,96.0,85.20381129147043
5.506403993112803,6.773521108098473,64.0,70.82247791904682
4.382184550816299,7.367365506816178,86.0,73.56424898801009
4.26859066389126,,88.0,75.16393143486756
4.351162718270569,6.196821049319655,63.0,60.62337307385664
5.591678213567445,8.492688568959522,71.0,76.7608021183256
4.368523278769605,6.728876398957431,65.0,61.89976010373079
5.434662285344619,6.978632705651564,86.0,78.33812713191087
8.113101197968158,6.252788320852177,64.0,77.77876288259533
6.306687055147538,4.575759739727058,76.0,69.66359192190066
4.510964701748239,7.884045396361049,71.0,66.40762473472769
,7.736843897092434,58.0,
4.387886940467673,6.718672442881787,79.0,70.41142909248919
1.9428131972332192,7.066990717224872,75.0,60.70689066338755
3.487870533623894,7.5159392177041,91.0,76.49902029475844
2.1938121184612163,5.437454143113458,92.0,62.352968298356835
4.4727297739380365,6.470947322653705,55.0,
5.027627568784328,7.794264679621827,79.0,72.28678277169166
7.514655968412924,5.745710576830751,90.0,90.78738723208747
5.490391060646244,7.293557932166629,71.0,71.68786833631061
4.6713492067867035,5.643418195376595,95.0,77.52062110363507
6.2441083717752335,7.466429982433526,78.0,79.08261654400852
1.683297036488172,6.964358517702516,56.0,
5.353421837162849,5.384868184094491,94.0,83.87623227367847
6.15629779083045,8.164739354457172,69.0,76.68774983669232
2.782120631330238,6.265408423201951,86.0,66.7780709610587
6.715631064810394,6.189747562985619,,82.42625012176111
5.5077446112416215,7.2005691972309425,,62.94631936445964
4.377068129148798,8.148637349428714,55.0,
5.949172799159427,5.984178181021603,77.0,72.16507217796543
8.406039286706594,7.061679849847971,93.0,91.04518380988266
5.272799382587743,7.428816500330573,71.0,70.33595647229745
5.372330879450504,7.693105607263144,88.0,80.22625064750063
4.310958650689634,7.176441555277226,95.0,79.5220739746938
3.7252334458028122,6.632972160916678,83.0,68.15511969092181
6.245503724816368,6.17240977935128,63.0,65.80403237398794
3.7158742611366993,7.0861438830463745,67.0,59.617022152665804
5.107349355829089,5.927860988014393,60.0,65.9240375870237
4.283513829852325,4.078649516505393,60.0,51.53608129333486
5.7184697386195875,7.4365598041576675,74.0,75.8365454576675
5.500493157930422,7.903934841086195,57.0,
6.556309916386849,4.637067564458162,71.0,70.63554836695671
,5.990269295290062,66.0,67.22392737266718
4.595187597059943,7.619154261005198,99.0,84.62421588933327
3.531854426326539,9.057495469711698,55.0,
4.333560109885832,7.020793707675408,71.0,64.92263584914953
5.5659507395672785,6.271997058770865,57.0,
6.135482924968028,6.81710355889516,80.0,79.75875029370248
3.616752013733562,8.374876419148185,69.0,64.932363981273
,6.354035820875465,90.0,87.98270343706095
7.033456788207427,6.200807993349747,86.0,84.56054429042202
5.620152354835551,6.517256477817968,86.0,
7.815193718837099,6.046671391741287,58.0,
3.8393162013446407,7.122670315994796,72.0,
3.1330179450328743,8.62467845846956,73.0,66.01405930847092
2.331919626643582,7.323079273116029,97.0,73.41513482273155
7.2440664672337745,6.7476464978737125,89.0,90.60363058595023
5.9815484845310865,6.708188731084456,94.0,87.57991131227503
4.916622993634317,5.436809191303343,68.0,62.80340726013466
5.419952939479731,7.883109777147159,87.0,77.06457310679998
3.3117664290524353,6.922162802987198,68.0,57.38902791715692
8.66862796942524,6.819520086409375,88.0,
5.193831772962842,10.19310756784486,58.0,
5.164092191907339,7.298752908365686,78.0,75.16906100125622
6.0886499358480375,6.248208949904816,83.0,75.94811485251384
5.7215138476050695,6.573642403794457,73.0,73.37451611134914
,8.148445709196755,60.0,68.72631600164546
3.814288316832032,7.113270410537765,,73.41372573619134
5.707202535703994,5.561722021682633,94.0,77.56638519514317
7.82303674471255,7.919228934575203,73.0,85.03408502370849
7.018130069232466,6.331855914461006,55.0,
7.389779939959095,8.873297776217546,59.0,
4.233176485353223,8.08004806571465,81.0,64.73357677088838
3.5155927696121285,6.552678104341249,70.0,65.89036600327172
4.8113196198505275,8.281016361735112,60.0,63.69906787277418
5.083587368433042,7.067855510527403,94.0,88.26719856627406
6.641287277706423,7.8527736751222195,67.0,76.11978681516801
,7.484732817294475,89.0,64.26057577434256
7.2943254791909204,6.153643345009127,73.0,71.79049613690567
4.762988152131516,6.356450167682538,66.0,69.38407523191879
4.35967839507887,,70.0,71.81635017322962
3.481843437109749,6.665224667893459,97.0,82.435879741526
2.5177149922013458,6.596351536758004,64.0,55.29633649904206
6.234755875942872,6.044877420650647,79.0,76.35918869493374
5.109976950782606,7.423599065593461,74.0,71.13894955784167
3.065058650388419,9.062524919243145,85.0,70.91041371626231
3.0573818419045757,5.932467085745727,58.0,
4.4963229510648075,7.024219456672758,98.0,81.68612071457684
7.503532287934089,8.412220555415429,77.0,82.80686790183091
,6.9203586087542845,56.0,
2.7452855703228405,7.452371796249734,76.0,64.36551577583336
4.631385403871084,5.937606471853121,91.0,73.30216776311028
4.590914645378494,7.428307097207648,62.0,54.501959601109064
0.9546700355876423,6.812855734995451,61.0,49.6020937843125
4.918557700223282,7.985729995679863,68.0,66.32151367790176
,8.18738605156475,57.0,
6.044309547220127,9.589563642018614,70.0,80.26990979246567
7.773434142418018,7.579633173213575,73.0,83.60377295066772
6.689847544321636,,72.0,84.90143633152036
4.596666964167754,7.194384301577336,70.0,67.36128090990857
3.3402111368874943,6.6468337071893115,62.0,56.79759325943283
8.86003970487479,7.338483843461691,87.0,95.6681437706733
5.088827651021733,6.704598589860971,66.0,66.59816569746751
5.0208939378694195,7.168460976269614,65.0,70.40197831619894
4.963812369334995,8.317597535607959,59.0,
5.297127141151782,5.993457434720359,81.0,69.91890009165482
4.783459382114087,8.139878561129045,66.0,70.71102312469309
,8.317115067339865,71.0,65.1978252753825
4.179711588139412,6.881931473008922,60.0,62.310005117903636
4.950870094676002,4.878145100991405,87.0,74.16977911931791
4.184862843299353,6.392178012905568,59.0,
3.9307313259842536,8.296994546561109,82.0,74.41842487775953
5.159645341537845,6.977131937701118,68.0,64.8890679042009
4.617534173868717,6.0006977677050894,59.0,
7.255989482874033,6.4952250787717825,87.0,84.80284487380351
1.023545287410482,,,67.51220465986769
6.637260277883692,7.546733568201379,73.0,77.23159263697396
6.869127788746443,,76.0,80.29799484826572
1.8899146513877758,6.6331755881853125,59.0,
4.485968608879476,6.608241850956178,56.0,
4.442838701006313,6.077589815501497,84.0,71.64067839359323
2.8887324579232683,8.615375689469442,93.0,
3.8332749686136873,,58.0,
3.334136231801257,8.217158520825496,87.0,80.15279381873547
7.628405665135434,8.521316051922451,67.0,80.67448070467981
6.403517589721192,7.9983108981479605,74.0,77.34961599082172
6.907332642491238,6.5683796872819515,61.0,75.03917261126006
6.082508096064853,7.40373009033661,69.0,74.79379028015641
3.306422343174156,6.975804393609084,77.0,69.52227581026648
4.21321960058034,6.096298139269872,68.0,65.19587107482961
5.734061841841877,7.324359281721603,77.0,69.76467965661223
3.166808286662082,,73.0,
6.069497645258582,8.187679388461564,83.0,83.08699705181192
4.639511902762798,6.535382702701607,74.0,69.0281337238463
4.437768788675604,7.201159655872839,83.0,73.25666530407794
6.066439952305237,7.283287871546142,78.0,73.05590496893024
5.66639496722906,6.741095026295922,72.0,74.77030067322306
4.45855075127138,7.586693801475275,64.0,66.12889589231655
6.738994705046372,6.525096343377475,95.0,90.81204159913271
,7.871297297457244,62.0,
5.923903410416395,5.6540203197532515,80.0,76.5250577498079
5.889651886952576,7.126379579546412,83.0,78.60738869426343
4.535680341029015,,64.0,68.45194339200921
5.489199533363177,5.9996686753944255,71.0,68.78665658169888
3.1233296354220457,6.322255029475149,56.0,
6.3860405288103514,7.513907849658915,60.0,70.08335845158449
4.722646795335517,7.179581781939598,59.0,
4.215915469221441,7.350630099273559,82.0,72.82419833179146
6.573513838755334,7.489187130147664,95.0,88.12990600391016
3.943484464185861,7.63472146856177,59.0,
2.8873080554546604,8.109699841956223,72.0,
2.6650562397141444,7.409818656928513,80.0,67.52777052341972
5.909014927018459,6.7587423453814575,74.0,73.2095535467964
3.079355971255575,7.672573701202731,95.0,71.11811056537297
7.632191272976547,8.899881934895216,81.0,91.59621951224105
1.877105888174417,6.867366253617426,66.0,56.15225324319131
7.544684552435058,6.025470695329359,61.0,
5.316526200803928,8.107080669286972,57.0,
4.854930332194411,6.879618836046402,64.0,65.71305120490857
4.182621369786576,4.827330453985963,88.0,70.75446464088105
5.598704171528106,7.847421677150422,79.0,80.36266288938862
4.943547946362727,6.464671814046078,89.0,75.87232886896159
6.654952823024782,6.909466717695839,70.0,79.0235111320858
5.17134147299306,7.3319803305690145,56.0,
5.225452642192816,7.190499679779067,78.0,70.24531457470214
4.454581681679216,7.70945181713904,64.0,61.8403820945631
4.914581564418399,6.564513629430157,92.0,78.60011889912707
5.461702653338088,7.513105798176083,76.0,
2.4347474110150618,6.740453322416083,80.0,64.20347971114474
2.9777218668414305,7.738810480887503,97.0,75.6173863357854
6.114896141034072,7.615367484013054,93.0,89.12227508035538
5.256298157191913,6.064561297955405,81.0,72.87103292929073
4.724024995470981,8.085982116175032,83.0,70.57923541961974
5.02765089959809,6.464036554885952,92.0,78.67538664276688
5.521372558042507,7.808057798281145,74.0,68.68126976543287
4.190360479535958,7.367287313401341,81.0,72.81018948793961
3.832542911896531,8.838183676795122,95.0,83.67811799813111
5.293767882646522,6.776534017628148,74.0,
3.5324408335774518,6.650683203881803,98.0,80.68679980124897
5.612379133571707,6.980580394112267,73.0,
2.4461245936432396,6.696820217165724,74.0,63.79757927514957
6.543733455988465,7.79994190194205,89.0,86.84350919714186
5.708896223619565,5.383689391563412,56.0,
5.384044601470814,,84.0,77.77125985103295
6.474036475918271,5.932197078420807,,79.88673734020968
7.498211666693865,7.9503075919735755,76.0,84.24711536903268
6.521555097527195,,57.0,
2.238688653002532,6.8955507814625285,60.0,56.11994374532587
3.080634549896448,6.83117827680999,69.0,62.67587577097576
4.062772133456482,7.070052163113181,81.0,70.64949546511518
5.039136575316251,8.16187830260819,64.0,62.625481325860925
,6.072646865809426,63.0,64.84556545484598
,7.2383689827347855,87.0,75.73494195500201
,7.975197629782429,86.0,80.91132662956709
3.866925601470016,7.5010941699398455,60.0,55.96022494252117
4.082723295512078,7.189581616598743,,72.79029249783912
2.8900083547276667,8.00104609256714,,73.14865305451733
3.6151501308336433,4.296767707000763,,47.88296443418877
,7.677875319530908,83.0,65.86325362285109
3.536190120534001,6.345924316872576,58.0,
6.580462694911759,5.169367103143543,55.0,
3.5759016667520855,,73.0,63.57390578494942
8.948573097256087,8.373658545162957,80.0,92.40732855651373
5.739976851321334,6.862551485372308,79.0,75.96227037807687
5.2772541855423105,7.9528745472029385,64.0,68.52215352248557
3.7124633297281795,8.612278257988645,69.0,66.6962052633589
6.050464819113487,8.314914453584047,76.0,81.10118496714252
4.136543260643339,8.639964529371394,75.0,
,7.7421274910718925,76.0,69.64048126646776
8.840126807403191,7.075433638901592,90.0,99.58140430822723
4.855910150413025,5.398034188102832,,77.48797475132791
6.723909989428513,6.753937511870052,84.0,79.09260136770595
3.945235362311169,6.156753404683808,79.0,68.00134428494015
4.947517264254557,9.170942717497814,99.0,90.6640609857722
7.656200953453265,6.824114187567663,82.0,87.5201640225265
4.059549413318349,7.123204806784486,55.0,
7.718672836995394,7.551485376040468,99.0,94.96698142528727
6.061627903183213,7.043602446372454,58.0,
4.156299836158599,8.695051040430753,61.0,65.17787804287428
5.948611608583281,6.377350638265548,63.0,66.50426993290215
,7.194607455237243,90.0,87.83776879477165
5.932714943325795,6.257529414301952,73.0,73.03409452776134
2.6446629201643153,5.679977488779294,55.0,
3.909294236262697,6.388230909094714,64.0,61.023086368013836
4.628722046672743,6.962963202951588,90.0,78.93114131389488
4.88834985634993,6.57069777548274,63.0,61.25942621616758
5.9310081463260165,6.307579020126144,99.0,81.48587146404633
5.2665515013998805,5.593682536328166,96.0,84.5559692479566
2.996983461934848,,86.0,69.57047638784951
5.570296776508945,5.4952796259689975,86.0,78.5842881901995
5.915878617925735,7.760055963689602,60.0,63.90434873854927
5.83968567189656,7.082439752934503,92.0,86.72367151959877
6.621171088331932,5.54244850053507,71.0,71.50512441833057
6.250883231823356,6.6907909229501366,64.0,67.96646027276655
5.688770118842655,6.247843594409417,81.0,75.5606481612935
4.894751432812029,7.31917451041918,,75.7834141204589
2.5085585997260127,8.340450446023144,75.0,64.20994019627352
5.644427328698879,5.124827530354255,79.0,71.91834933446057
5.311531530744666,7.115026079147417,82.0,79.65736599697514
5.4073682557930605,6.83986720443336,69.0,74.34924093845737
3.0848771362695357,7.671340076450465,58.0,
3.3784151893876064,7.213196628237689,83.0,62.64650907583746
6.579729279999356,6.248030668261181,63.0,67.50947796698992
4.940667269215018,,81.0,66.79990091405975
6.022251046058937,6.203974143196511,80.0,
5.042477564195692,8.076007138598598,73.0,70.87336990126848
5.044634209243617,7.021311648671942,82.0,76.45284497999918
6.407425708963997,8.901190685753008,71.0,77.37228450388439
4.225932907673939,6.9393391861853795,97.0,
5.144181165411475,,95.0,81.20520517742428
4.306587066942436,5.486285607387173,96.0,71.07099054692065
4.348255658851526,5.196860323744055,,62.270963824002614
4.536241814797041,5.4158640569945105,99.0,76.96602549572508
5.333200657450569,,94.0,82.2598499659312
4.281877067504784,,93.0,78.87582028715565
6.883634188360281,5.418809297967867,77.0,81.37410471857598
3.658089046670744,7.895038314076116,86.0,76.14744129807849
4.719692533757962,6.516938948316561,87.0,73.10471795818917
4.340403412588738,7.146793011985549,59.0,
7.1704668265306,8.612220628255425,97.0,93.41799115135689
5.294832164767362,7.896839315865532,88.0,79.43054974123828
6.547766809202953,6.731469352094168,94.0,87.47155341846288
,6.1088077745847125,65.0,50.22491465203487
5.4005753988038885,4.848184598670695,57.0,
6.334446193435156,6.28084668075758,87.0,
5.123425983913136,6.788869761172306,65.0,65.76192183598171
6.598220562598026,6.012820472848816,70.0,72.55042992073625
,6.8687430329076955,72.0,67.10488810683916
7.114021160278369,7.076851882958768,84.0,87.66794633791163
8.448347185428876,6.775144018191922,64.0,78.37079562764762
4.455742159340511,6.349997419176541,72.0,69.32479897402034
4.331746217898842,7.168654671966728,92.0,79.12977823288855
7.1800767156765515,7.441940649569409,73.0,87.1890224938591
7.369358218596068,5.9096009225571535,90.0,85.3106486740117
4.2157099592700975,8.41093237974627,67.0,61.25670325341043
4.369719774356215,6.901411867715738,57.0,
,7.018849622944848,64.0,64.38277630492712
2.9833242334485846,7.708214423256557,92.0,76.43337206236971
3.6220220802737026,7.233216131263502,55.0,
3.493788849871898,7.953136633913245,81.0,69.68863131768809
3.8483036523438074,7.287124165201824,62.0,63.021991151773605
4.947972668919828,6.387562625359562,96.0,77.67131812376307
5.351322098804781,7.361503525206102,71.0,69.79448724804686
7.325750739221116,5.856273792679338,63.0,69.01237047941237
,7.108559705776523,60.0,61.76167944576799
6.476483597714876,6.966770009355539,97.0,92.9644928449597
4.6790167336617365,6.79188314272746,79.0,67.0615882516227
4.925804435521351,6.871462488561069,93.0,79.51958622224288
,5.118150954502361,82.0,79.50699578719917
3.315916967656552,6.4512750922590385,87.0,70.862303606011
5.573614619276076,7.092844901141115,91.0,80.51243058038924
5.249678312319584,7.1598563919974,63.0,62.17993967444045
5.738676896012223,5.972324859074042,72.0,74.35819095766557
5.433752965861727,8.265707840864701,75.0,76.84797319000981
8.682950209866341,6.1338251517855,56.0,
4.043390023623026,7.969457200526737,97.0,84.18214765717055
4.203504567497274,7.427194361871685,92.0,72.86719630845886
4.065289210362853,6.353772690156197,94.0,75.30724375926157
4.166784321259618,8.775310892609513,90.0,78.42391496014112
4.0439193090402235,5.80636316824352,97.0,81.14354755919145
6.783524796661328,7.919154173610002,91.0,87.68926895822486
7.130756371984782,8.000582318042978,69.0,78.2302620651229
4.143880559375786,6.329379790923355,82.0,66.14504678465678
3.751466640343657,8.392465300064329,72.0,65.86960412432748
5.707123334579606,6.749953485401047,88.0,77.8765139264786
4.171665433578543,7.288693629279857,76.0,66.9683818948598
5.949397726633266,7.260321838771221,,70.83708815875111
5.304384531276949,6.865691258529452,67.0,61.14639148463892
2.726383827504152,7.8108082731597825,58.0,
7.321257801995093,7.793488720552213,76.0,82.53895202826332
7.693816509643282,5.2514680267618195,61.0,72.14196614140856
4.080816964273421,8.304340242878153,97.0,80.73164994691831
4.418447660096024,5.337508011964326,78.0,67.22642319495786
5.428798086087357,8.032546204341656,58.0,
5.501685184980538,,82.0,79.20463720388832
5.987816409009246,5.9090335697848015,69.0,71.57175943639324
8.015306808149525,6.589185712045415,55.0,
4.734579158758926,5.894295331514064,57.0,
3.802554133192319,,68.0,65.52565869094066
2.931021157978209,6.691965715814259,92.0,71.57934214705132
3.9036049400871216,7.7796605322693395,55.0,
4.950309540689305,8.310308746119608,92.0,86.72047294879768
7.691836795276681,8.395683810789956,92.0,89.2305346385669
4.223583051445743,6.437831973421698,75.0,64.69291353602023
5.335681927458348,6.790778126255472,83.0,78.86492808225599
4.975365655890872,,59.0,
6.782589910172126,6.194129933503811,64.0,75.77915039577626
8.790398638810434,7.9648516330974575,82.0,91.05965123699866
4.203696840619519,8.615582823548232,75.0,73.2710521149016
4.265840836222667,5.765651128120078,61.0,58.7454936125485
6.566241315603608,6.407535740847106,57.0,
6.022837234439467,6.973594243041073,99.0,90.70517123023593
7.77006098860405,7.280161158819607,74.0,90.89273536366741
5.875892277988946,6.190396480078354,,70.83933724304542
4.461061863819411,7.424061044464089,89.0,76.22529389167009
5.885982246038464,6.526160652929084,58.0,
6.663055370874361,,59.0,
6.230723271796046,7.546284248003699,55.0,
5.760911046660946,7.006422269810938,58.0,
6.600012034383731,6.5636141094734315,66.0,66.33261997034113
6.753943385668509,6.890390196074169,81.0,75.44886008532659
7.07323848655629,6.911637040794664,96.0,92.05173540393294
5.973064831384464,6.629988970117872,77.0,77.88721152461585
4.749322879524718,6.741203937332898,79.0,69.20969755965831
5.220070529649984,8.598647170504718,75.0,77.07535655375777
6.809763449762535,7.560919447941239,78.0,81.83752405790608
3.774596493519146,6.704519681970839,79.0,66.90561621745562
5.553009963309352,7.696954404510736,99.0,90.01653914231478
4.409991781508959,6.66618051024399,86.0,70.35752134283969
5.043117234402226,8.17312463758664,86.0,82.96133585356388
6.917677793910948,7.369642192198094,59.0,
5.286648602029855,6.892697855995771,,85.27660016601209
5.069654822234223,,,80.15813507011305
2.960215788530121,5.429123847931501,96.0,69.6443946141831
6.119380349040831,5.873232531090195,93.0,82.89974787097077
5.968226271711613,5.806074993600944,70.0,70.6420107175158
8.24488208495819,7.142943094763707,87.0,92.23790003121445
4.538332647570499,8.732514999485092,75.0,69.26131333451214
5.328725491495908,9.231300146192632,63.0,71.165565033629
5.374075525566133,,60.0,67.1867994243542
7.366179919645211,7.500844474944457,99.0,92.38319395638538
4.857056701419572,5.198942265847261,89.0,75.53828718975106
5.418532288655509,6.457326200265978,93.0,77.04967181469064
5.911844764574809,6.212216248091761,76.0,73.09244988733072
5.279913684734537,6.379152401748884,95.0,79.11840716922492
,6.83185618141521,59.0,
5.291134989347461,6.527909422302873,96.0,86.5614651817592
6.610447624789658,5.020700189624212,77.0,79.38255805687926
3.4602270508834096,7.7479102561175335,71.0,68.64797809751238
5.199454511220314,5.927256974260193,66.0,64.26556015315909
3.94981877759124,7.239246864111149,77.0,71.50062366898788
6.792569943387264,9.074082669749973,70.0,80.6555314938264
2.715219642824338,6.080615408413577,57.0,
4.161617229092617,4.469712477253671,84.0,67.3538098280203
5.565817812596781,6.713995778119889,76.0,78.96651637876427
,8.10095963499857,63.0,81.19257926207257
4.901374608390518,,83.0,81.25688259734456
4.167200709960202,5.770450405547583,,73.1988007544041
7.821735604160885,7.496699223236522,77.0,84.89902313788026
2.827979149375634,6.5346895432199466,67.0,59.47299549755563
1.701791065069877,6.894051645695864,86.0,62.03044081610917
5.6600216750799985,9.644343347017035,77.0,83.24372054224757
4.246918663471083,5.497029671604847,99.0,74.71799866276531
3.46815077430393,7.253739661494573,71.0,65.05561348419708
6.06253467094903,7.467693171765434,94.0,
5.365701070656798,8.085786324939347,75.0,
4.1538820538949075,7.097983153470896,56.0,
3.0795434019936585,,91.0,75.54284917015856
6.308685992420217,,60.0,73.05785218464085
5.975301766937991,7.269126941245108,98.0,85.43753794817903
4.851236204330926,6.656807724502589,72.0,69.02987877673019
7.769955494071499,7.6215718898560505,84.0,92.16894251528102
3.394872850510771,6.630389663956366,76.0,66.73955553407195
2.711712243612892,7.377100393902187,87.0,70.62674739433089
3.9621378951781336,6.970737186315022,84.0,76.68177186433277
4.931620975466753,8.126050250772169,71.0,68.35721950656956
5.3650091739840375,6.948606276411514,97.0,83.30453513042266
4.638145913215505,5.226967531793118,86.0,66.74426202844019
5.528083094771445,8.261921500713992,96.0,83.35085722470696
,6.094267699137381,68.0,61.90185502966901
7.165646906109889,6.34623366135118,64.0,70.60300714856555
4.876773232411146,6.404338705956508,90.0,79.52234310393288
6.675943747382192,8.374438093170816,88.0,92.42810630177465
5.5140880195665565,4.864325786021304,63.0,62.75118912533302
5.685129828730676,10.137748533659995,96.0,92.57560670164213
5.8546509203483055,8.056056809066051,82.0,82.76065368815408
5.671562840025972,7.223238914129159,65.0,65.96824399916251
5.964084139801316,6.945105999383713,68.0,69.89719152206955
6.993728795198647,7.285554074857657,93.0,86.0350396954945
5.294781754552205,7.521122428379338,73.0,71.11120254471842
6.063505636382768,7.645215585950057,69.0,76.19278581167448
,7.555604466003448,82.0,73.78720457345666
7.160175823174209,7.089580681255248,78.0,81.71440497441189
3.9854115469110956,6.802661579692674,62.0,57.41958449623603
7.701410649366224,6.848726716346488,97.0,96.68236252375898
4.939763074033485,6.805091719647319,63.0,
2.8538373468229277,8.133770096867064,87.0,75.7518312367557
5.192156622366184,7.593556722280862,87.0,79.63852721557456
3.9784225137876787,4.059611365335719,73.0,56.311914051932916
6.260965323483086,7.655900776529761,57.0,
4.021064031046413,7.194736194718775,64.0,59.28539803122471
4.33072485017783,6.981291243554103,,80.05353001995398
2.1656889035817035,6.611481546911114,,69.10163036116845
4.321540521126385,8.124112719986014,,61.52401828955963
1.3641810100565648,7.947526462122858,83.0,61.743717634332285
2.624145764771415,6.227122332176391,88.0,65.28480081184846
6.1406219842164464,7.407052287124535,67.0,69.95572648226798
6.178700237976249,6.028343265458714,55.0,
5.6381863426774474,5.620381835211069,88.0,77.27404973573283
3.5495357853061806,6.3732827754100345,83.0,67.50063601094965
4.92843296578703,7.862393472382759,67.0,68.34387711258715
4.994596191364147,7.953125045376087,83.0,75.34804947575144
3.262452966211186,7.513085420097293,93.0,73.64192842471127
7.255097452650726,7.725095786847997,78.0,84.08747082837935
6.316043435863508,7.5161782871149585,80.0,
4.668553739255504,6.3585184047770476,71.0,64.2231957873385
5.040328758491796,7.431922544673941,61.0,69.66001240418308
5.312574211921329,7.800409525227682,67.0,69.26284629974201
,7.754291329813574,59.0,
4.629233926219104,8.188913371474642,80.0,70.86314763114787
3.9770236280033022,7.708303847201064,57.0,
3.497569985157627,7.351448207541583,61.0,56.02539891518114
4.578349560671068,8.070150238316428,93.0,80.90782073643275
7.696529790274283,6.97347874075094,55.0,
5.961264291900514,6.118125348772282,71.0,74.03582626623896
4.143231515325805,6.836933036056236,97.0,82.27736086427144
5.858874172034238,6.255097355193551,79.0,76.8992524349581
